"BXARRA002	",,Collagen Beauty Essential + Milk Thistle,胶原蛋白美容精华+奶蓟草  14支/盒,TRUE,health supplement,2,2,98,8.5,TRUE,,,,0,,1,1,2020-09-10 23:58:00+00,2020-09-10 23:58:00+00,3,0,0
"BXARRA001	",,Collagen Beauty Essential + Prebiotics,胶原蛋白美容精华+益生元  14支/盒,TRUE,health supplement,2,2,98,8.5,TRUE,,,,0,,1,1,2020-09-10 23:35:00+00,2020-09-10 23:35:00+00,0,0,0
"BXARRA003	",,Collagen Beauty Essential + Cranberry,胶原蛋白美容精华+蔓越莓  14支/盒,TRUE,health supplement,2,2,98,8.5,TRUE,,,,0,,1,1,2020-09-11 00:00:00+00,2020-09-11 00:00:00+00,0,0,0
"BXARRA004	",,Collagen Beauty Essential + Grape Seed,胶原蛋白美容精华+葡萄籽  14支/盒,TRUE,skin care,2,2,98,8.5,TRUE,,,,0,,1,1,2020-09-11 00:02:00+00,2020-09-11 00:02:00+00,0,0,0
"BXARRA005	",,Collagen Beauty Essential + Hyaluronate Acid,胶原蛋白美容精华+玻尿酸150mg  14支/盒,TRUE,skin care,2,2,98,0,TRUE,,,,0,,1,1,2020-09-11 00:03:00+00,2020-09-11 00:03:00+00,0,0,0
"BXARRA006	",,Collagen Beauty Essential + Nicotinamide,胶原蛋白美容精华+烟酰胺  14支/盒,TRUE,skin care,2,2,98,0,TRUE,,,,0,,1,1,2020-09-11 00:03:00+00,2020-09-11 00:03:00+00,0,0,0
"9356503000315	","9356503000315	",Collagen Beauty Essential + Nicotinamide,胶原蛋白美容精华+烟酰胺,TRUE,health supplement,2,2,0,0,TRUE,,,,0,,1,1,2020-09-14 04:03:00+00,2020-09-14 04:03:00+00,0,0,0
"9316090505105	","9316090505105	",OST VIT D & CAL KIDS CHEW TAB 90S,OST中恐龙钙片90,TRUE,health supplement,25,30,8.16,8.16,TRUE,,,,0,,1,1,2020-09-14 22:38:00+00,2020-09-14 22:38:00+00,0,0,0
"9316090502104	","9316090502104	",OST VITAMIN D 1000IU KIDS LIQUID 20ML,OST草莓味VD滴剂20ml,TRUE,health supplement,25,30,4.12,4.12,TRUE,,,,112,bottle,1,1,2020-09-15 23:06:00+00,2020-09-15 23:06:00+00,0,0,0
"93554701	","93554701	",SWISSE UN PRE-CONCEPTION & PREGNANCY 60 CAPS,SW-UN怀孕哺乳营养素 60粒,TRUE,health supplement,33,34,0,0,TRUE,,,,0,,1,1,2020-09-17 07:27:00+00,2020-09-17 07:27:00+00,0,0,0
"9311770598200	","9311770598200	",SWISSE UB HS C 150 TAB,SW高浓度维C片 150S NEW,TRUE,health supplement,33,34,0,0,TRUE,,,,0,,1,1,2020-09-17 07:27:00+00,2020-09-17 07:27:00+00,0,0,0
"9348107001409	","9348107001409	",EAORON ULTIMATE MASK GOLD,EAORON水光针肉毒杆菌驻颜面膜,TRUE,skin care,14,34,0,0,TRUE,,,,0,,1,1,2020-09-17 07:27:00+00,2020-09-17 07:27:00+00,0,0,0
"9311770601078	","9311770601078	",SWISSE BLOOD ORGANGE BRIGHTENING FACIAL SERUM 30ML,SW血橙面部精华30ML - New,TRUE,skin care,33,34,0,0,TRUE,,,,0,,1,1,2020-09-17 07:27:00+00,2020-09-17 07:27:00+00,0,0,0
"8886456200612	","8886456200612	",DERMATIX SCAR REDUCTION GEL 15G-NEW,Dermatix 舒痕祛疤胶膏 15g/盒-NEW,TRUE,skin care,11,34,0,0,TRUE,,,,0,,1,1,2020-09-17 07:27:00+00,2020-09-17 07:27:00+00,0,0,0
"9327693000294	","9327693000294	",Sukin Facial Moisturiser (Pump) 125ml,苏芊 有机保湿乳液(压泵式） 125ml,TRUE,skin care,31,34,0,0,TRUE,,,,0,,1,1,2020-09-17 07:27:00+00,2020-09-17 07:27:00+00,0,0,0
"9348107001591	","9348107001591	",EAORON PROPOLIS FACIAL MASK,EAORON蜂胶面膜10ML*8,TRUE,health supplement,14,34,0,0,TRUE,,,,0,,1,1,2020-09-17 07:27:00+00,2020-09-17 07:27:00+00,0,0,0
"9421902960246	","9421902960246	",A2 SKIM MILK POWDER 1KG,A2脱脂成人奶粉1KG,TRUE,health supplement,1,34,8,7,TRUE,,,,0,,1,1,2020-09-17 07:27:00+00,2020-09-17 07:27:00+00,12,0,0
"9311770604048	","9311770604048	",SWISSE SC ROSE HIP ANTIOXIDANT OIL 50ML-NEW,SW玫瑰果油 50ML-新包装,TRUE,skin care,33,34,0,0,TRUE,,,,0,,1,1,2020-09-17 07:27:00+00,2020-09-17 07:27:00+00,0,0,0
"9327693000362	","9327693000362	",Sukin Cream Cleanser (Pump) 125ml,苏芊 有机洁面乳（压泵式）125ml,TRUE,health supplement,31,34,0,0,TRUE,,,,0,,1,1,2020-09-17 07:27:00+00,2020-09-17 07:27:00+00,0,0,0
"9311770599849	","9311770599849	",SWISSE UB BILBERRY 15000MG 30 TABS,SWISSE蓝莓越桔片15000MG 30粒,TRUE,health supplement,33,34,0,0,TRUE,,,,0,,1,1,2020-09-17 07:27:00+00,2020-09-17 07:27:00+00,0,0,0
"9311770603171	","9311770603171	",SWISSE KIDS MULTI 60 TABS-NEW,SW儿童复合维生素60-NEW,TRUE,health supplement,33,34,0,0,TRUE,,,,0,,1,1,2020-09-17 07:27:00+00,2020-09-17 07:27:00+00,0,0,0
"9311770590020	","9311770590020	",SWISSE ULTIBOOST CO ENZYME Q10 150mg 50 CAPS,SW辅酶Q10 150毫克50,TRUE,health supplement,33,34,0,0,TRUE,,,,0,,1,1,2020-09-17 07:27:00+00,2020-09-17 07:27:00+00,0,0,0
"9311770593199	","9311770593199	",SWISSE ULTIBOOST RELAX & SLEEP 60 TAB,SW加强版睡眠片 60,TRUE,health supplement,33,34,0,0,TRUE,,,,0,,1,1,2020-09-17 07:27:00+00,2020-09-17 07:27:00+00,0,0,0
"9311770590082	","9311770590082	",SWISSE ULTIBOOST HIGH STRENGTH VITAMIN C EFF 60 TABS,SW高浓度维C泡腾片60,TRUE,health supplement,33,34,0,0,TRUE,,,,0,,1,1,2020-09-17 07:27:00+00,2020-09-17 07:27:00+00,0,0,0
"9311770589345	","9311770589345	",SWISSE ULTIBOOST SPIRULINA TABLETS 100 TABS,SW螺旋藻片100,TRUE,health supplement,33,34,0,0,TRUE,,,,0,,1,1,2020-09-17 07:27:00+00,2020-09-17 07:27:00+00,0,0,0
"9311770603980	","9311770603980	",SWISSE SC OLIVE LEAF DEEP CLEANSING GEL 125ML-NEW,SW橄榄叶洁面125ML-新包装,TRUE,health supplement,33,34,0,0,TRUE,,,,0,,1,1,2020-09-17 07:27:00+00,2020-09-17 07:27:00+00,0,0,0
"9311770603072	","9311770603072	",SWISSE KIDS BONE HEALTH 60 TABS,SW儿童骨骼片60-NEW,TRUE,health supplement,33,34,0,0,TRUE,,,,0,,1,1,2020-09-17 07:27:00+00,2020-09-17 07:27:00+00,0,0,0
"9311770601146	","9311770601146	",SWISSE UB HAIR NUTRITION FOR MEN 60 CAP,SW 男士头发营养胶囊60S,TRUE,health supplement,33,34,0,0,TRUE,,,,0,,1,1,2020-09-17 07:27:00+00,2020-09-17 07:27:00+00,0,0,0
"9311770599948	","9311770599948	",SWISSE UB GRAPE SEED 14250 MG 300 TABS,SW葡萄籽300粒,TRUE,health supplement,33,34,0,0,TRUE,,,,0,,1,1,2020-09-17 07:27:00+00,2020-09-17 07:27:00+00,0,0,0
"9311770601788	","9311770601788	",SWISSE UN BREASTFEEDING SUPPORT 90S,SW-UN葫芦巴催奶片90S,TRUE,health supplement,33,34,0,0,TRUE,,,,0,,1,1,2020-09-17 07:27:00+00,2020-09-17 07:27:00+00,0,0,0
"9311770589369	","9311770589369	",SWISSE WOMENS 65+ ULTIVITE 60 TABS,SW65岁女性多维60,TRUE,health supplement,33,34,0,0,TRUE,,,,0,,1,1,2020-09-17 07:27:00+00,2020-09-17 07:27:00+00,0,0,0
"9311770597111	","9311770597111	",SWISSE ULTIBOOST LIVER DETOX 200 TABS,SW保肝素200,TRUE,health supplement,33,34,0,0,TRUE,,,,0,,1,1,2020-09-17 07:27:00+00,2020-09-17 07:27:00+00,0,0,0
"9311770592581	","9311770592581	",SWISSE ULTIBOOST CHLOROPHYLL MIXED BERRY 500ML,SW混合莓子味叶绿素500ML,TRUE,health supplement,33,34,0,0,TRUE,,,,0,,1,1,2020-09-17 07:27:00+00,2020-09-17 07:27:00+00,0,0,0
"9327693000355	","9327693000355	",Sukin Hydrating Mist Toner 125ml,苏芊 保湿喷雾爽肤水 125ml,TRUE,health supplement,31,34,0,0,TRUE,,,,0,,1,1,2020-09-17 07:27:00+00,2020-09-17 07:27:00+00,0,0,0
"9311770596343	","9311770596343	",SWISSE UB 4 X STRENGTH ODRLS WILD FISH OIL 60 CAP,SW四倍高效无腥鱼油 60粒,TRUE,health supplement,33,34,0,0,TRUE,,,,0,,1,1,2020-09-17 07:27:00+00,2020-09-17 07:27:00+00,0,0,0
"93555357	","93555357	",SWISSE UN MEN PRE-CONCEPTION 30CAPS,SW-UN男士备孕营养素30,TRUE,health supplement,33,34,0,0,TRUE,,,,0,,1,1,2020-09-17 07:27:00+00,2020-09-17 07:27:00+00,0,0,0
"9311770591676	","9311770591676	",SWISSE UB MEGA B+ 60 TAB,SW超级B族,TRUE,health supplement,33,34,0,0,TRUE,,,,0,,1,1,2020-09-17 07:27:00+00,2020-09-17 07:27:00+00,0,0,0
"9311770588522	","9311770588522	",SWISSE ULTIBOOST IRON 30 TABS,SW活性铁30,TRUE,health supplement,33,34,0,0,TRUE,,,,0,,1,1,2020-09-17 07:27:00+00,2020-09-17 07:27:00+00,0,0,0
"9310041901527	","9310041901527	",BAYER NAPROGESIC 275MG 24s,BAYER痛经片24粒,TRUE,health supplement,3,34,0,0,TRUE,,,,0,,1,1,2020-09-17 07:27:00+00,2020-09-17 07:27:00+00,0,0,0
"9310160816016	","9310160816016	",CANESTEN 6 DAY CREAM,CANESTEN女性私处膏 6 DAY,TRUE,health supplement,9,34,0,0,TRUE,,,,0,,1,1,2020-09-17 07:27:00+00,2020-09-17 07:27:00+00,0,0,0
"9314807015404	","9314807015404	",NW KIDS SMARTOMEGA 3-FISH OIL FRUITY 50S,NW佳思敏儿童鱼油黑加仑味软胶囊 50,TRUE,health supplement,24,24,0,0,TRUE,,,,0,,1,1,2020-09-17 07:27:00+00,2020-09-17 07:27:00+00,0,0,0
"9314807017750	","9314807017750	",NW KIDS SMART CALCIUM +VITAMIN D3 50S,NW佳思敏儿童液体钙 50,TRUE,health supplement,24,24,0,0,TRUE,,,,0,,1,1,2020-09-17 07:27:00+00,2020-09-17 07:27:00+00,0,0,0
"9314807060930	","9314807060930	",NW KS BLUE LIGHT EYE DEF 50s,NW佳思敏儿童蓝光护眼软糖50 NEW,TRUE,health supplement,24,24,0,0,TRUE,,,,0,,1,1,2020-09-17 07:27:00+00,2020-09-17 07:27:00+00,0,0,0
"9314807025526	","9314807025526	",NW MULTI-VITAMIN FOR FUSSY EATERS 60S,NW佳思敏挑食宝宝专用复合维生素软糖60,TRUE,health supplement,24,24,0,0,TRUE,,,,0,,1,1,2020-09-17 07:27:00+00,2020-09-17 07:27:00+00,0,0,0
"9316199000037	","9316199000037	",LUCAS PAWPAW 25g,LUCAS 木瓜膏 25g,TRUE,skin care,20,24,0,0,TRUE,,,,0,,1,1,2020-09-17 07:27:00+00,2020-09-17 07:27:00+00,0,0,0
"9316254017109	","9316254017109	",HEALTHY CARE LANOLIN CREAM WITH VITAMIN E 100G,Healthy Care?绵羊油+维生素E霜?100g,TRUE,health supplement,17,24,0,0,TRUE,,,,0,,1,1,2020-09-17 07:27:00+00,2020-09-17 07:27:00+00,0,0,0
"9311770603393	","9311770603393	",SWISSE COLLAGEN RENEWAL WITH BLOOD ORANGE FROM SICILY,SW血橙胶原蛋白精华,TRUE,health supplement,33,34,0,0,TRUE,,,,0,,1,1,2020-09-17 07:27:00+00,2020-09-17 07:27:00+00,0,0,0
"9311770590075	","9311770590075	",SWISSE UB MAGNESIUM 300MG EFF 60 TABS,SW镁泡腾片 60TABS,TRUE,health supplement,33,34,0,0,TRUE,,,,0,,1,1,2020-09-17 07:27:00+00,2020-09-17 07:27:00+00,0,0,0
"9311770602808	","9311770602808	",SWISSE BLOOD ORANGE BRIGHTENING CLAY MASK 70G,Swisse血橙亮肤清洁面膜70G,TRUE,skin care,33,34,0,0,TRUE,,,,0,,1,1,2020-09-17 07:27:00+00,2020-09-17 07:27:00+00,0,0,0
"9311770595919	","9311770595919	",SWISSE MENS POWER ULTIVITE 40TAB,SW男士力量维生素40TAB,TRUE,health supplement,33,34,0,0,TRUE,,,,0,,1,1,2020-09-17 07:27:00+00,2020-09-17 07:27:00+00,0,0,0
"9311770588492	","9311770588492	",SWISSE ULTIBOOST VITAMIN D 60 CAP,SW维D60片,TRUE,health supplement,33,34,0,0,TRUE,,,,0,,1,1,2020-09-17 07:27:00+00,2020-09-17 07:27:00+00,0,0,0
"9311770587631	","9311770587631	",SWISSE ULTIBOOST MOOD 50 TABS,SW情绪管理片50,TRUE,health supplement,33,34,0,0,TRUE,,,,0,,1,1,2020-09-17 07:27:00+00,2020-09-17 07:27:00+00,0,0,0
"9311770592574	","9311770592574	",SWISSE ULTIBOOST HIGH STRENGTH ORGANIC CHLOROPHYLL+ 200 TABS,SW有机叶绿素200,TRUE,health supplement,33,34,0,0,TRUE,,,,0,,1,1,2020-09-17 07:27:00+00,2020-09-17 07:27:00+00,0,0,0
"9311770597463	","9311770597463	",SWISSE ULTIBOOST LECITHIN 150 CAPS,SW卵磷脂150,TRUE,health supplement,33,34,0,0,TRUE,,,,0,,1,1,2020-09-17 07:27:00+00,2020-09-17 07:27:00+00,0,0,0
"9311770598811	","9311770598811	",SWISSE UB HS ORGANIC VITEX 1500MG 60 TAB,SW圣洁莓1500MG60粒,TRUE,health supplement,33,34,0,0,TRUE,,,,0,,1,1,2020-09-17 07:27:00+00,2020-09-17 07:27:00+00,0,0,0
"9323503025341	","9323503025341	",BG KIDS PROB YOGHURT BALLS 50s,BG儿童益生菌酸奶球50,TRUE,health supplement,5,6,0,0,TRUE,,,,0,,1,1,2020-09-17 07:27:00+00,2020-09-17 07:27:00+00,0,0,0
"9311770599979	","9311770599979	",Swisse UB HS Propolis 300 Cap,SWISSE黑蜂胶300粒,TRUE,health supplement,33,34,0,0,TRUE,,,,0,,1,1,2020-09-17 07:27:00+00,2020-09-17 07:27:00+00,0,0,0
"9311770595612	","9311770595612	",SWISSE ARGAN FACE OIL 50ML,SW 摩洛哥坚果面部精油50ML NEW,TRUE,skin care,33,34,0,0,TRUE,,,,0,,1,1,2020-09-17 07:27:00+00,2020-09-17 07:27:00+00,0,0,0
"9311770599832	","9311770599832	",SWISSE UB MILK THISTLE 35000MG 60 TAB,SW奶蓟草35000mg 60片,TRUE,health supplement,33,34,0,0,TRUE,,,,0,,1,1,2020-09-17 07:27:00+00,2020-09-17 07:27:00+00,0,0,0
"9311770588218	","9311770588218	",SWISSE ULTIBOOST HAIR SKIN NAIL 100 TABS,SW胶原蛋白片100,TRUE,health supplement,33,34,0,0,TRUE,,,,0,,1,1,2020-09-17 07:27:00+00,2020-09-17 07:27:00+00,0,0,0
"9322316001818	","9322316001818	",G&M KAKADU PLUM RADIATING MOISTURISING CREAM 250G,G&M澳芝曼 卡卡杜李滋润霜?250g,TRUE,skin care,16,16,0,0,TRUE,,,,0,,1,1,2020-09-17 07:27:00+00,2020-09-17 07:27:00+00,0,0,0
"9311770588270	","9311770588270	",SWISSE UB ODRLS WILD FISH OIL 1000MG 200 CAPS,SWISSE无腥鱼油1000MG 200粒,TRUE,health supplement,33,34,0,0,TRUE,,,,0,,1,1,2020-09-17 07:27:00+00,2020-09-17 07:27:00+00,0,0,0
"9311770603447	","9311770603447	",SWISSE SKIN REGENERATION 60 CAPS,SW抗糖换肤片60CAPS,TRUE,health supplement,33,34,0,0,TRUE,,,,0,,1,1,2020-09-17 07:27:00+00,2020-09-17 07:27:00+00,0,0,0
"9311770604031	","9311770604031	",SWISSE SC BLOOD ORANGE BRIGHTENING CLAY MASK 70G-NEW,SW血橙清洁面膜70G-新包装,TRUE,health supplement,33,34,0,0,TRUE,,,,0,,1,1,2020-09-17 07:27:00+00,2020-09-17 07:27:00+00,0,0,0
"9311770601153	","9311770601153	",SWISSE UB HAIR NUTRITION FOR WOMEN 60 CAP,SW 女士头发营养胶囊60S,TRUE,health supplement,33,34,0,0,TRUE,,,,0,,1,1,2020-09-17 07:27:00+00,2020-09-17 07:27:00+00,0,0,0
"9311770601139	","9311770601139	",SWISSE UB RADIANT SKIN 60 CAP,SW亮肤片60CAP,TRUE,health supplement,33,34,0,0,TRUE,,,,0,,1,1,2020-09-17 07:27:00+00,2020-09-17 07:27:00+00,0,0,0
"9311770596374	","9311770596374	",SWISSE UB JOINT PAID RELIEF 90 TAB,SW关节灵 90粒,TRUE,health supplement,33,34,0,0,TRUE,,,,0,,1,1,2020-09-17 07:27:00+00,2020-09-17 07:27:00+00,0,0,0
"9311770588034	","9311770588034	",SWISSE ULTIBOOST MEMORY + FOCUS TAB 50,SW记忆力片50,TRUE,health supplement,33,34,0,0,TRUE,,,,0,,1,1,2020-09-17 07:27:00+00,2020-09-17 07:27:00+00,0,0,0
"9310160816023	","9310160816023	",CANESTEN 3 DAY CREAM,CANESTEN女性私处膏3 DAY,TRUE,skin care,9,10,0,0,TRUE,,,,0,,1,1,2020-09-17 07:27:00+00,2020-09-17 07:27:00+00,0,0,0
"9323503025570	","9323503025570	",BG KIDS EYE GUARD CHEWABLE 50s,BG儿童每日护眼咀嚼片50,TRUE,health supplement,9,10,0,0,TRUE,,,,0,,1,1,2020-09-17 07:27:00+00,2020-09-17 07:27:00+00,0,0,0
"9325740029304	","9325740029304	",FB FATB CHOC SHAKE 30% LS SUGAR 430G,FB营养代餐奶昔 30%低糖巧克力味430g NEW --箱规/2,TRUE,health supplement,9,10,0,0,TRUE,,,,0,,1,1,2020-09-17 07:27:00+00,2020-09-17 07:27:00+00,0,0,0
"9325740026310	","9325740026310	",FB SUPERSHAKE CHOC 430G TUB,FB加速版代餐奶昔 巧克力味430g,TRUE,health supplement,9,10,0,0,TRUE,,,,0,,1,1,2020-09-17 07:27:00+00,2020-09-17 07:27:00+00,0,0,0
"9323503022494	","9323503022494	",BG GLUCO 1500mg 200s,BG硫酸软骨素1500mg200,TRUE,health supplement,9,10,0,0,TRUE,,,,0,,1,1,2020-09-17 07:27:00+00,2020-09-17 07:27:00+00,0,0,0
"9314807060947	","9314807060947	",NW BLUE LIGHT EYE DEFENCE 60 TABS,NW蓝光护眼成人60粒,TRUE,health supplement,9,10,0,0,TRUE,,,,0,,1,1,2020-09-17 07:27:00+00,2020-09-17 07:27:00+00,0,0,0
"9325740025276	","9325740025276	",NP FB DOUBLE CHOC MOCHA 430g,FB营养代餐奶昔 双倍摩卡味(旧版),TRUE,health supplement,9,10,0,0,TRUE,,,,0,,1,1,2020-09-17 07:27:00+00,2020-09-17 07:27:00+00,0,0,0
"9325740030324	","9325740030324	",NP FB KETO FIT VAN SHAKE 300g-NEW,NP FB KETO 香草味的奶昔-NEW,TRUE,health supplement,9,10,0,0,TRUE,,,,0,,1,1,2020-09-17 07:27:00+00,2020-09-17 07:27:00+00,0,0,0
"9314807006709	","9314807006709	",NW VIT C 500mg 300s,佳思敏成人VC咀嚼片300粒,TRUE,health supplement,9,10,0,0,TRUE,,,,0,,1,1,2020-09-17 07:27:00+00,2020-09-17 07:27:00+00,0,0,0
"9344949000136	","9344949000136	",MAXIGENES FULL CREAM MILK POWDER,美可卓全脂奶粉,TRUE,health supplement,9,10,0,0,TRUE,,,,0,,1,1,2020-09-17 07:27:00+00,2020-09-17 07:27:00+00,0,0,0
"9311770599344	","9311770599344	",SWISSE KIDS PROBIOTIC 40TABS,SW儿童益生菌40-delisted,TRUE,health supplement,33,34,0,0,TRUE,,,,0,,1,1,2020-09-17 07:27:00+00,2020-09-17 07:27:00+00,0,0,0
"9311770602594	","9311770602594	",SW KIDS BONE HEALTH 50 TAB,SW 儿童骨骼健康片 50 CAP （新版儿童钙D片）- delisted,TRUE,health supplement,33,34,0,0,TRUE,,,,0,,1,1,2020-09-17 07:27:00+00,2020-09-17 07:27:00+00,0,0,0
"9311770598422	","9311770598422	",SWISSE ULTIBOOST LUNG HEALTH SUPPORT 90 TABS,SW清肺片90,TRUE,health supplement,33,34,0,0,TRUE,,,,0,,1,1,2020-09-17 07:27:00+00,2020-09-17 07:27:00+00,0,0,0
"9311770587020	","9311770587020	",SWISSE WOMENS ULTIVITE TABLETS 120 F1,SW女性多维120,TRUE,health supplement,33,34,0,23.28,TRUE,,,,0,,1,1,2020-09-17 07:27:00+00,2020-09-17 07:27:00+00,0,0,0
"9323503024764	","9323503024764	",BG CLINICAL CURCUMIN 60s,BG姜黄素60,TRUE,health supplement,5,6,0,0,TRUE,,,,0,,1,1,2020-09-17 07:27:00+00,2020-09-17 07:27:00+00,0,0,0
"9314807056742	","9314807056742	",NW KIDS SMART TRIPLE STRENGTH DHA 50s,NW佳思敏儿童三倍DHA 50 NEW,TRUE,health supplement,24,24,0,0,TRUE,,,,0,,1,1,2020-09-17 07:27:00+00,2020-09-17 07:27:00+00,0,0,0
"9323503024863	","9323503024863	",BG SUPER FISH OIL 100s,BG小粒鱼油胶囊200粒,TRUE,health supplement,5,6,0,0,TRUE,,,,0,,1,1,2020-09-17 07:27:00+00,2020-09-17 07:27:00+00,0,0,0
"9323503022654	","9323503022654	",BG CoQ10 50mg 200s,BG辅酶Q1050mg200,TRUE,health supplement,5,6,0,0,TRUE,,,,0,,1,1,2020-09-17 07:27:00+00,2020-09-17 07:27:00+00,0,0,0
"9314807064754	","9314807064754	",NW KS MULTI LIQUID 200ml,NW佳思敏儿童补铁复合维生素液200ML,TRUE,skin care,24,24,0,0,TRUE,,,,0,,1,1,2020-09-17 07:27:00+00,2020-09-17 07:27:00+00,0,0,0
"9311770602235	","9311770602235	",SWISSE BLOOD ORANGE BRIGHTENING DAILY MOIST 50ML,SW血橙美白保湿霜50ML NEW,TRUE,skin care,33,34,0,0,TRUE,,,,0,,1,1,2020-09-17 07:27:00+00,2020-09-17 07:27:00+00,0,0,0
"9314807056780	","9314807056780	",NW MILK BUTTONS  MANUKA HONEY 150 TAB,NW麦卢卡蜂蜜奶片,TRUE,health supplement,24,24,0,0,TRUE,,,,0,,1,1,2020-09-17 07:27:00+00,2020-09-17 07:27:00+00,0,0,0
"9314807006945	","9314807006945	",NW INP NATURAL 375G,NW天然大豆蛋白粉 原味 -- 箱规/2,TRUE,health supplement,24,24,0,0,TRUE,,,,0,,1,1,2020-09-17 07:27:00+00,2020-09-17 07:27:00+00,0,0,0
"9325740024200	","9325740024200	",FB 2 DAY COCONUT DETOX,FB椰子水排毒两日套装,TRUE,health supplement,15,15,0,0,TRUE,,,,0,,1,1,2020-09-17 07:27:00+00,2020-09-17 07:27:00+00,0,0,0
"9314807018450	","9314807018450	",REDWIN VITAMIN E CREAM 300G,REDWIN VE霜 300G,TRUE,health supplement,28,28,0,0,TRUE,,,,0,,1,1,2020-09-17 07:27:00+00,2020-09-17 07:27:00+00,0,0,0
"9314807052003	","9314807052003	",NW ADULT VG HAIR SKIN NAIL 60S,NW成人胶原蛋白软糖 60粒,TRUE,health supplement,24,24,0,0,TRUE,,,,0,,1,1,2020-09-17 07:27:00+00,2020-09-17 07:27:00+00,0,0,0
"9311770600385	","9311770600385	",SWISSE UB GLUCOSAMINE SULFATE 210 TABS,SWISSE氨糖维骨力 210粒,TRUE,health supplement,33,34,0,0,TRUE,,,,0,,1,1,2020-09-17 07:27:00+00,2020-09-17 07:27:00+00,0,0,0
"9311770604062	","9311770604062	",SWISSE SC ROSEWATER HYDRATING MIST TONER 125ML-NEW,SW玫瑰水喷雾125ML-新包装,TRUE,health supplement,33,34,0,0,TRUE,,,,0,,1,1,2020-09-17 07:27:00+00,2020-09-17 07:27:00+00,0,0,0
"9311770604000	","9311770604000	",SWISSE SC SWEET ALMOND GENTLE CREAM CLEANSER 125ML-NEW,SW甜杏仁洁面125ML-新包装,TRUE,health supplement,33,34,0,0,TRUE,,,,0,,1,1,2020-09-17 07:27:00+00,2020-09-17 07:27:00+00,0,0,0
"9311770596541	","9311770596541	",SWISSE MICELLAR MAKE UP REMOVER 300ML,SW小黄瓜卸妆水300ML,TRUE,health supplement,33,34,0,0,TRUE,,,,0,,1,1,2020-09-17 07:27:00+00,2020-09-17 07:27:00+00,0,0,0
"9311770595742	","9311770595742	",SWISSE MENOPAUSE BALANCE 60 TABS,SW更年期片60,TRUE,health supplement,33,34,0,0,TRUE,,,,0,,1,1,2020-09-17 07:27:00+00,2020-09-17 07:27:00+00,0,0,0
"9311770597500	","9311770597500	",SWISSE ULTIBOOST GLUCOSAMINE SULFATE 180 TABS,SW葡萄糖胺关节片180,TRUE,health supplement,33,34,0,0,TRUE,,,,0,,1,1,2020-09-17 07:27:00+00,2020-09-17 07:27:00+00,0,0,0
"9300807287378	","9300807287378	",BLACKMORES FISH OIL 400,BM普通鱼油400,TRUE,health supplement,8,9,0,0,TRUE,,,,0,,1,1,2020-09-17 07:27:00+00,2020-09-17 07:27:00+00,0,0,0
"9310160820488	","9310160820488	",BAYER ELEVIT 100s,BAYER爱乐维100粒,TRUE,health supplement,3,4,0,0,TRUE,,,,0,,1,1,2020-09-17 07:27:00+00,2020-09-17 07:27:00+00,0,0,0
"9323503023323	","9323503023323	",BG GUMMIES SPIDERMEN 60s,BG儿童多种维生素60粒蜘蛛侠,TRUE,health supplement,5,6,0,0,TRUE,,,,0,,1,1,2020-09-17 07:27:00+00,2020-09-17 07:27:00+00,0,0,0
"9322316001412	","9322316001412	",G&M MOISTURISING CREAM WITH MANUKA HONEY 250G,G&M 澳芝曼绵羊油 蜂蜜味 250g,TRUE,health supplement,16,16,0,0,TRUE,,,,0,,1,1,2020-09-17 07:27:00+00,2020-09-17 07:27:00+00,0,0,0
"9421902960239	","9421902960239	",A2 FULL MILK POWDER 1KG,A2成人全脂奶粉1KG,TRUE,health supplement,1,1,8,7,TRUE,,,,0,,1,1,2020-09-17 07:27:00+00,2020-09-17 07:27:00+00,0,0,0
"9344949000174	","9344949000174	",MAXIGENES SKIM MILK POWDER 1 KG,美可卓脱脂奶粉1KG,TRUE,health supplement,21,21,0,0,TRUE,,,,0,,1,1,2020-09-17 07:27:00+00,2020-09-17 07:27:00+00,0,0,0
"9311770603959	","9311770603959	",SWISSE ARGAN ANTI-AGEING EYE CREAM 15ML-NEW,SW摩洛哥坚果眼霜15ML-新包装,TRUE,health supplement,33,34,0,0,TRUE,,,,0,,1,1,2020-09-17 07:27:00+00,2020-09-17 07:27:00+00,0,0,0
"9311770603911	","9311770603911	",SWISSE BEAUTY COLLAGEN DETOX 120G,SW胶原蛋白排毒粉120g,TRUE,health supplement,33,34,0,0,TRUE,,,,0,,1,1,2020-09-17 07:27:00+00,2020-09-17 07:27:00+00,0,0,0
"9311770595100	","9311770595100	",SWISSE SWEET ALMOND CREAM CLEANSER 125ML,SW甜杏洗面奶125ML,TRUE,health supplement,33,34,0,0,TRUE,,,,0,,1,1,2020-09-17 07:27:00+00,2020-09-17 07:27:00+00,0,0,0
"93808064	","93808064	",BLACKMORES CELERY 50,BM芹菜籽50,TRUE,health supplement,8,9,0,0,TRUE,,,,0,,1,1,2020-09-17 07:27:00+00,2020-09-17 07:27:00+00,0,0,0
"9314807039370	","9314807039370	",SAMBUCOL KIDS C&F LIQUID 120ML,SAMBUCOL儿童抗感冒糖浆120ml,TRUE,health supplement,29,29,0,0,TRUE,,,,0,,1,1,2020-09-17 07:27:00+00,2020-09-17 07:27:00+00,0,0,0
"9314807069902	","9314807069902	",NP FB MILK TEA SHAKE 430g CN,NP奶茶味奶昔430G,TRUE,health supplement,15,15,0,0,TRUE,,,,0,,1,1,2020-09-17 07:27:00+00,2020-09-17 07:27:00+00,0,0,0
"9327693000317	","9327693000317	",Sukin Foaming Facial Cleanser (Pump) 125ml,Sukin天然泡沫洁面乳 按压式 125ml,TRUE,health supplement,31,32,0,0,TRUE,,,,0,,1,1,2020-09-17 07:27:00+00,2020-09-17 07:27:00+00,0,0,0
"9344949001249	","9344949001249	",BIOISLAND FISH OIL 90 CAPS,BIOISLAND 宝宝儿童鱼油90粒,TRUE,health supplement,6,7,0,0,TRUE,,,,0,,1,1,2020-09-17 07:27:00+00,2020-09-17 07:27:00+00,0,0,0
"9311770602907	","9311770602907	",SWISSE BEAUTY COLLAGEN GLOW WITH PEPTIDES 60 TABS,SW水光片60S-delisted,TRUE,health supplement,33,34,0,0,TRUE,,,,0,,1,1,2020-09-17 07:27:00+00,2020-09-17 07:27:00+00,0,0,0
"9311770602815	","9311770602815	",SWISSE CRANBERRY PORE PERFECTING CLAY MASK 70G -NEW,SWISSE蔓越莓收缩毛孔面膜,TRUE,health supplement,33,34,0,0,TRUE,,,,0,,1,1,2020-09-17 07:27:00+00,2020-09-17 07:27:00+00,0,0,0
"9311770593687	","9311770593687	",SWISSE ARGAN FACE OIL 20ML,SW摩洛哥坚果脸部精油20ML,TRUE,health supplement,33,34,0,0,TRUE,,,,0,,1,1,2020-09-17 07:27:00+00,2020-09-17 07:27:00+00,0,0,0
"9311770595063	","9311770595063	",SWISSE COQ10 ANTI-AGING FACIAL MOISTURISER 50ML,SW CO Q10 抗皱保湿霜50ML NEW,TRUE,health supplement,33,34,0,0,TRUE,,,,0,,1,1,2020-09-17 07:27:00+00,2020-09-17 07:27:00+00,0,0,0
"9311770598750	","9311770598750	",SWISSE ULTIBOOST LIQUID IRON 500ML,SW铁元原液500ML,TRUE,health supplement,33,34,0,0,TRUE,,,,0,,1,1,2020-09-17 07:27:00+00,2020-09-17 07:27:00+00,0,0,0
"9311770587037	","9311770587037	",SWISSE MENS ULTIVITE TABLETS 120 F1,SW男性多维120,TRUE,health supplement,33,34,0,0,TRUE,,,,0,,1,1,2020-09-17 07:27:00+00,2020-09-17 07:27:00+00,0,0,0
"9314807060763	","9314807060763	",NW SR123 VAN SHAKE 375G,NW瘦身代餐奶昔375g香草-NEW,TRUE,health supplement,24,24,0,0,TRUE,,,,0,,1,1,2020-09-17 07:27:00+00,2020-09-17 07:27:00+00,0,0,0
"9325740029328	","9325740029328	",FB FATB MOCHA SHAKE 30% LS SUGAR 430G,FB营养代餐奶昔 30%低糖双倍摩卡味430g NEW -- 箱规/2,TRUE,health supplement,15,15,0,0,TRUE,,,,0,,1,1,2020-09-17 07:27:00+00,2020-09-17 07:27:00+00,0,0,0
"9325740020486	","9325740020486	",FB NP FATMAGNET 60S,FB天然排毒吸脂纤维片60s,TRUE,health supplement,15,15,0,0,TRUE,,,,0,,1,1,2020-09-17 07:27:00+00,2020-09-17 07:27:00+00,0,0,0
"9325740031116	","9325740031116	",NP GH REHYDRATE + ORANGE 10s,NP补水-橙子味10袋装,TRUE,health supplement,23,23,0,0,TRUE,,,,0,,1,1,2020-09-17 07:27:00+00,2020-09-17 07:27:00+00,0,0,0
"93304917	","93304917	",LUCAS PAWPAW 75G,LUCAS 木瓜膏 75g,TRUE,health supplement,20,20,0,0,TRUE,,,,0,,1,1,2020-09-17 07:27:00+00,2020-09-17 07:27:00+00,0,0,0
"9322316001108	","9322316001108	",G&M MOISTURISING CREAM LANOLIN OIL 250G,G&M 澳芝曼绵羊油 原味 250g,TRUE,skin care,16,16,0,0,TRUE,,,,0,,1,1,2020-09-17 07:27:00+00,2020-09-17 07:27:00+00,0,0,0
"9311770589307	","9311770589307	",SWISSE ULTIBOOST HAIR SKIN NAIL LIQUID 500ML,SW胶原蛋白饮料500ML,TRUE,skin care,33,34,0,0,TRUE,,,,0,,1,1,2020-09-17 07:27:00+00,2020-09-17 07:27:00+00,0,0,0
"9311770592550	","9311770592550	",SWISSE ULTIBOOST HIGH STRENGTH ORGANIC SPIRULINA 200 TABS,SW有机螺旋藻200,TRUE,health supplement,33,34,0,0,TRUE,,,,0,,1,1,2020-09-17 07:27:00+00,2020-09-17 07:27:00+00,0,0,0
"9323503023316	","9323503023316	",BG GUMMIES PRINCESS 60s,BG儿童多维软糖60公主,TRUE,health supplement,5,6,0,0,TRUE,,,,0,,1,1,2020-09-17 07:27:00+00,2020-09-17 07:27:00+00,0,0,0
"9314807056797	","9314807056797	",NW KS PROBIOTIC DROPS 20ML,NW思佳敏儿童益生菌滴剂20ml,TRUE,health supplement,24,24,0,0,TRUE,,,,0,,1,1,2020-09-17 07:27:00+00,2020-09-17 07:27:00+00,0,0,0
"9314807052249	","9314807052249	",NW BEAUTY COLLAGEN TABS 60S,NW美容胶原片 60粒 NEW,TRUE,health supplement,24,24,0,0,TRUE,,,,0,,1,1,2020-09-17 07:27:00+00,2020-09-17 07:27:00+00,0,0,0
"9300705605335	","9300705605335	",CENOVIS TURMERIC 3100 60CAPS,CVS姜黄素胶囊 80粒,TRUE,health supplement,10,11,0,0,TRUE,,,,0,,1,1,2020-09-17 07:27:00+00,2020-09-17 07:27:00+00,0,0,0
"9311770602228	","9311770602228	",SWISSE ROSEWATER BALANCING MIST TONER 125ML,SW玫瑰水平衡喷雾125ML,TRUE,health supplement,33,34,0,0,TRUE,,,,0,,1,1,2020-09-17 07:27:00+00,2020-09-17 07:27:00+00,0,0,0
"9311770599658	","9311770599658	",SWISSE ULTIBOOST CRANBERRY CONCENTRATE LIQUID 300ML锟斤拷90000Mg锟斤拷,SW高浓度蔓越莓汁300ml-不可订,TRUE,health supplement,34,34,0,0,TRUE,,,,0,,1,1,2020-09-17 07:27:00+00,2020-09-17 07:27:00+00,0,0,0
"9311770598835	","9311770598835	",SWISSE KIDS FISH OIL 50CAP-停锟斤拷,SW儿童鱼油50,TRUE,health supplement,33,34,0,0,TRUE,,,,0,,1,1,2020-09-17 07:27:00+00,2020-09-17 07:27:00+00,0,0,0
"9311770587600	","9311770587600	",SWISSE ULTIBOOST PROSTATE 50 TABS,SW前列腺片50,TRUE,health supplement,33,34,0,0,TRUE,,,,0,,1,1,2020-09-17 07:27:00+00,2020-09-17 07:27:00+00,0,0,0
"9300807238837	","9300807238837	",BLACKMORES VE CREAM 50G,BM维E面霜50g,TRUE,health supplement,8,9,0,0,TRUE,,,,0,,1,1,2020-09-17 07:27:00+00,2020-09-17 07:27:00+00,0,0,0
"9310160816849	","9310160816849	",BEPANTHEN ANTISEPTIC CREAM 50G,BAYER抗菌膏50G,TRUE,health supplement,3,4,0,0,TRUE,,,,0,,1,1,2020-09-17 07:27:00+00,2020-09-17 07:27:00+00,0,0,0
"9314807022860	","9314807022860	",NW VITA-GUMIES VITAMIN C+ZINC 60S,NW佳思敏儿童维生素C+锌软糖60,TRUE,health supplement,24,24,0,0,TRUE,,,,0,,1,1,2020-09-17 07:27:00+00,2020-09-17 07:27:00+00,0,0,0
"9323503022883	","9323503022883	",BG FISH OIL 1500mg 400s,BG高含量深海鱼油400,TRUE,health supplement,5,6,0,0,TRUE,,,,0,,1,1,2020-09-17 07:27:00+00,2020-09-17 07:27:00+00,0,0,0
"9323503025389	","9323503025389	",BG SF CACAO COCONUT CHIPS 20g,BG超级食物椰子片（可可味）20g,TRUE,health supplement,5,6,0,0,TRUE,,,,0,,1,1,2020-09-17 07:27:00+00,2020-09-17 07:27:00+00,0,0,0
"9325740022879	","9325740022879	",NP FATB W/LOSS VAN 430g,FB营养代餐奶昔 香草味(旧版),TRUE,health supplement,15,15,0,0,TRUE,,,,0,,1,1,2020-09-17 07:27:00+00,2020-09-17 07:27:00+00,0,0,0
"9314807026349	","9314807026349	",SAMBUCOL C&F FORTE 24S,SAMBUCAL 免疫复合胶囊24粒,TRUE,health supplement,29,29,0,0,TRUE,,,,0,,1,1,2020-09-17 07:27:00+00,2020-09-17 07:27:00+00,0,0,0
"9300705605816	","9300705605816	",CVS ONCE DAILY WOMENS MULTI 100S,CVS圣诺女士复合维生素100粒-新包装,TRUE,health supplement,10,11,0,0,TRUE,,,,0,,1,1,2020-09-17 07:28:00+00,2020-09-17 07:28:00+00,0,0,0
"9300705602716	","9300705602716	",CVS MEGA Calcium + D Tablets Value Pack 200,CVS成人钙+D超值装 200粒,TRUE,health supplement,10,11,0,0,TRUE,,,,0,,1,1,2020-09-17 07:28:00+00,2020-09-17 07:28:00+00,0,0,0
"9311770595582	","9311770595582	",SWISSE UB MAGNESIUM 200TAB,SW镁片200S - NEW,TRUE,health supplement,33,34,0,0,TRUE,,,,0,,1,1,2020-09-17 07:27:00+00,2020-09-17 07:27:00+00,0,0,0
"9311770599962	","9311770599962	",SWISSE UB LECITHIN 300 CAP,SW卵磷脂300粒,TRUE,health supplement,33,34,0,0,TRUE,,,,0,,1,1,2020-09-17 07:27:00+00,2020-09-17 07:27:00+00,0,0,0
"9311770593670	","9311770593670	",SWISSE ROSEHIP OIL 20ML,SW玫瑰果油20ML,TRUE,health supplement,33,34,0,0,TRUE,,,,0,,1,1,2020-09-17 07:27:00+00,2020-09-17 07:27:00+00,0,0,0
"9311770588348	","9311770588348	",SWISSE ULTIBOOST CHLOROPHYLL S/MINT 500ML,SW薄荷味叶绿素饮料500ML,TRUE,health supplement,33,34,0,0,TRUE,,,,0,,1,1,2020-09-17 07:27:00+00,2020-09-17 07:27:00+00,0,0,0
"9314807018726	","9314807018726	",REDWIN SHP COAL TAR 250ML,REDWIN天然煤焦油洗发水,TRUE,health supplement,28,28,0,0,TRUE,,,,0,,1,1,2020-09-17 07:27:00+00,2020-09-17 07:27:00+00,0,0,0
"9314807061333	","9314807061333	",NW KS BABY+ME PREGNANCY 60S,NW KS BABY+ME怀孕多维60粒,TRUE,health supplement,24,24,0,0,TRUE,,,,0,,1,1,2020-09-17 07:27:00+00,2020-09-17 07:27:00+00,0,0,0
"9325740022862	","9325740022862	",NP FATB W/LOS CHOC 430g,FB营养代餐奶昔 巧克力味(旧版),TRUE,health supplement,15,15,0,0,TRUE,,,,0,,1,1,2020-09-17 07:27:00+00,2020-09-17 07:27:00+00,0,0,0
"9300705601788	","9300705601788	",CENOVIS MEGA C 1000MG ORANGE FLAVOUR,CENOVIS MEGA C片,TRUE,health supplement,10,11,0,0,TRUE,,,,0,,1,1,2020-09-17 07:28:00+00,2020-09-17 07:28:00+00,0,0,0
"9316090506003	","9316090506003	",OSTELIN INFANT VIT D3 DROPS 2.4ML,OST婴儿维生素D3滴剂 2.4ml,TRUE,health supplement,25,25,6.59,6.59,TRUE,,,,0,,1,1,2020-09-17 07:28:00+00,2020-09-17 07:28:00+00,0,0,0
"9300705605380	","9300705605380	",CVS B Complex Tablets 150,CVS复合维生素B150粒,TRUE,health supplement,10,11,0,0,TRUE,,,,0,,1,1,2020-09-17 07:28:00+00,2020-09-17 07:28:00+00,0,0,0
"9316090019275	","9316090019275	",NATURES OWN LECITHIN 1200MG CAPULES 100S,NO自然澳卵磷脂胶囊1200mg 100粒,TRUE,health supplement,22,22,0,0,TRUE,,,,0,,1,1,2020-09-17 07:28:00+00,2020-09-17 07:28:00+00,0,0,0
"9348107000488	","9348107000488	",EAORON HYALURONIC FACE MASK,EAORON水光针面膜,TRUE,health supplement,14,14,0,0,TRUE,,,,0,,1,1,2020-09-17 07:27:00+00,2020-09-17 07:27:00+00,0,0,0
"9311770595605	","9311770595605	",SWISSE ROSEHIP OIL 50ML,SW玫瑰果油50ML,TRUE,health supplement,33,34,0,0,TRUE,,,,0,,1,1,2020-09-17 07:27:00+00,2020-09-17 07:27:00+00,0,0,0
"9311770589383	","9311770589383	",SWISSE U/B ODRLS HI-STRENGTH WILD FISH OIL 1500MG 200 CAPS,SW无腥味高浓度野生鱼油1500mg 200,TRUE,health supplement,33,34,0,0,TRUE,,,,0,,1,1,2020-09-17 07:27:00+00,2020-09-17 07:27:00+00,0,0,0
"9311770599917	","9311770599917	",SWISSE UB CALCIUM + VITAMIN D3 EFF 60 TAB,SW高浓度钙+D泡腾片60 new,TRUE,health supplement,33,34,0,0,TRUE,,,,0,,1,1,2020-09-17 07:27:00+00,2020-09-17 07:27:00+00,0,0,0
"9323503025280	","9323503025280	",BG LUNG CLEAR 60s,BG清肺片60,TRUE,health supplement,5,6,0,0,TRUE,,,,0,,1,1,2020-09-17 07:27:00+00,2020-09-17 07:27:00+00,0,0,0
"9316090060901	","9316090060901	",NATURES OWN ODOURLESS FISH OIL 1000MG CAPSULES 400,NO无腥味鱼油1000mg400粒,TRUE,health supplement,22,22,0,0,TRUE,,,,0,,1,1,2020-09-17 07:28:00+00,2020-09-17 07:28:00+00,0,0,0
"9314839004735	","9314839004735	",QV KIDS WASH 200G,QV儿童沐浴露200G,TRUE,health supplement,27,27,0,0,TRUE,,,,0,,1,1,2020-09-17 07:28:00+00,2020-09-17 07:28:00+00,0,0,0
"9311770600361	","9311770600361	",SWISSE UB AGED BLACK GARLIC 120 TAB,SW高浓度黑大蒜精 120粒,TRUE,health supplement,33,34,0,0,TRUE,,,,0,,1,1,2020-09-17 07:27:00+00,2020-09-17 07:27:00+00,0,0,0
"9311770599856	","9311770599856	",SWISSE UB GINKGO BILOBA 6000MG 60 TAB,SW银杏叶片60,TRUE,health supplement,33,34,0,0,TRUE,,,,0,,1,1,2020-09-17 07:27:00+00,2020-09-17 07:27:00+00,0,0,0
"9311770601733	","9311770601733	",Swisse UN Vitamin D3 Liquid For Baby 30Ml,SW-UN维D3滴剂30ML,TRUE,health supplement,33,34,0,0,TRUE,,,,0,,1,1,2020-09-17 07:27:00+00,2020-09-17 07:27:00+00,0,0,0
"9311770589727	","9311770589727	",SWISSE ROSE HIP HAND CREAM 500ML,SW玫瑰手霜500ML,TRUE,health supplement,33,34,0,0,TRUE,,,,0,,1,1,2020-09-17 07:27:00+00,2020-09-17 07:27:00+00,0,0,0
"9311770597081	","9311770597081	",SWISSE GARCINIA CAMBOGIA 60 CAPS,SW藤黄果片60,TRUE,health supplement,33,34,0,0,TRUE,,,,0,,1,1,2020-09-17 07:27:00+00,2020-09-17 07:27:00+00,0,0,0
"9311770599894	","9311770599894	",SWISSE ULTIVITE MULTIVITAMIN EFF 60 TAB,SW高浓度复合维生素泡腾片60 NEW,TRUE,health supplement,33,34,0,0,TRUE,,,,0,,1,1,2020-09-17 07:27:00+00,2020-09-17 07:27:00+00,0,0,0
"9323503023347	","9323503023347	",BG TOY STORY BALLS 50s,BG儿童益生菌巧克力球50,TRUE,health supplement,5,6,0,0,TRUE,,,,0,,1,1,2020-09-17 07:27:00+00,2020-09-17 07:27:00+00,0,0,0
"9314807053956	","9314807053956	",NW BEAUTY COLLAGEN LIQ 500ML,NW胶原蛋白液 500ml,TRUE,health supplement,24,24,0,0,TRUE,,,,0,,1,1,2020-09-17 07:27:00+00,2020-09-17 07:27:00+00,0,0,0
"9314807022839	","9314807022839	",NW VITA-GUMMIES MULTI-VITAMIN+VEGIES 60S,NW佳思敏儿童复合维他命+蔬菜软糖60,TRUE,health supplement,24,24,0,0,TRUE,,,,0,,1,1,2020-09-17 07:27:00+00,2020-09-17 07:27:00+00,0,0,0
"9314807025267	","9314807025267	",NW VITA-GUMIES CALCIUM+VIT D 60S,NW佳思敏儿童钙+维生素D软糖60,TRUE,health supplement,24,24,0,0,TRUE,,,,0,,1,1,2020-09-17 07:27:00+00,2020-09-17 07:27:00+00,0,0,0
"9314807025786	","9314807025786	",NW GUM ADULT VIT C 120S,NW思佳敏成人VC软糖120s,TRUE,health supplement,24,24,0,0,TRUE,,,,0,,1,1,2020-09-17 07:27:00+00,2020-09-17 07:27:00+00,0,0,0
"9314807056803	","9314807056803	",NW KS DHA DROPS 20ML,NW思佳敏儿童DHA滴剂20ml,TRUE,health supplement,24,24,0,0,TRUE,,,,0,,1,1,2020-09-17 07:27:00+00,2020-09-17 07:27:00+00,0,0,0
"9325740025603	","9325740025603	",FB RASPBERRY KETONE SHOTS,FB红魔水,TRUE,health supplement,15,15,0,0,TRUE,,,,0,,1,1,2020-09-17 07:27:00+00,2020-09-17 07:27:00+00,0,0,0
"9314807067694	","9314807067694	",NW KSVG VIT C+ZINC 120S-NEW,NW佳思敏儿童维生素C+锌软糖120-NEW,TRUE,health supplement,24,24,0,0,TRUE,,,,0,,1,1,2020-09-17 07:27:00+00,2020-09-17 07:27:00+00,0,0,0
"9300705605441	","9300705605441	",CENOVIS IRON PLUS 80S,CVS 铁片 80S,TRUE,health supplement,10,11,0,0,TRUE,,,,0,,1,1,2020-09-17 07:28:00+00,2020-09-17 07:28:00+00,0,0,0
"041167660317	","041167660317	",SELSUN REPLENISHING 200ML,SELSUN去屑洗发水滋养(蓝盖) 200ML,TRUE,health supplement,30,31,0,0,TRUE,,,,0,,1,1,2020-09-17 07:28:00+00,2020-09-17 07:28:00+00,0,0,0
"9316090500407	","9316090500407	",OSTELIN VIT D & CALCIUM X 60 TABS,OST维D＋钙 60粒,TRUE,health supplement,25,25,0,0,TRUE,,,,0,,1,1,2020-09-17 07:28:00+00,2020-09-17 07:28:00+00,0,0,0
"9338598000043	","9338598000043	",HOPES RELIEF  TUBE 60G,Hopes Relief湿疹膏60g,TRUE,health supplement,18,18,0,0,TRUE,,,,0,,1,1,2020-09-17 07:27:00+00,2020-09-17 07:27:00+00,0,0,0
"9327693000539	","9327693000539	",Sukin Antioxidant Eye Serum 30ml,苏芊?抗氧化有机眼霜 30ml,TRUE,health supplement,31,32,0,0,TRUE,,,,0,,1,1,2020-09-17 07:27:00+00,2020-09-17 07:27:00+00,0,0,0
"9327693000607	","9327693000607	",Sukin Revitalising Facial Scrub 125ml,苏芊 有机面部去角质磨砂膏 125ml,TRUE,health supplement,31,32,0,0,TRUE,,,,0,,1,1,2020-09-17 07:27:00+00,2020-09-17 07:27:00+00,0,0,0
"9311770603935	","9311770603935	",SWISSE MANUKA HONEY DETOXIFYING FACIAL MASK 70G-NEW,SW麦卢卡蜂蜜面膜-NEW,TRUE,health supplement,33,34,0,0,TRUE,,,,0,,1,1,2020-09-17 07:27:00+00,2020-09-17 07:27:00+00,0,0,0
"9311770603973	","9311770603973	",SWISSE SC ROSEHIP NOURISHING CREAM MOISTURISER 125ML-NEW,SW玫瑰果油保湿面霜125ML-新包装,TRUE,health supplement,33,34,0,0,TRUE,,,,0,,1,1,2020-09-17 07:27:00+00,2020-09-17 07:27:00+00,0,0,0
"9311770603997	","9311770603997	",SWISSE SC BAMBOO SKIN REFINING EXFOLIANT 125ML-NEW,SW竹炭面部去角质125ML-新包装,TRUE,health supplement,33,34,0,0,TRUE,,,,0,,1,1,2020-09-17 07:27:00+00,2020-09-17 07:27:00+00,0,0,0
"9311770604024	","9311770604024	",SWISSE SC BLOOD ORANGE BRIGHTENING CREAM MOISTURISER 50ML-NEW,SW血橙亮白保湿霜50ML-新包装,TRUE,health supplement,33,34,0,0,TRUE,,,,0,,1,1,2020-09-17 07:27:00+00,2020-09-17 07:27:00+00,0,0,0
"9311770603041	","9311770603041	",SWISSE KIDS BRAIN HEALTH DHA 30CAPS-NEW,SW儿童健脑DHA 30-NEW,TRUE,health supplement,33,34,0,0,TRUE,,,,0,,1,1,2020-09-17 07:27:00+00,2020-09-17 07:27:00+00,0,0,0
"9311770603232	","9311770603232	",SWISSE KIDS REST RESTORE 60 TABS-NEW,SW儿童睡眠片60-NEW,TRUE,health supplement,33,34,0,0,TRUE,,,,0,,1,1,2020-09-17 07:27:00+00,2020-09-17 07:27:00+00,0,0,0
"9311770601924	","9311770601924	",Swisse UN DHA + EPA Liquid for Baby 60 Caps,SW-UN婴儿DHA 60,TRUE,health supplement,33,34,0,0,TRUE,,,,0,,1,1,2020-09-17 07:27:00+00,2020-09-17 07:27:00+00,0,0,0
"9311770595094	","9311770595094	",SWISSE HIBISCUS ANTI-AGEING NIGHT CREAM 50ML,SW抗老晚霜50ML,TRUE,skin care,33,34,0,0,TRUE,,,,0,,1,1,2020-09-17 07:27:00+00,2020-09-17 07:27:00+00,0,0,0
"9311770597456	","9311770597456	",SWISSE ULTIBOOST HI-STRENGTH CELERY 50 CAPS,SW芹菜籽50,TRUE,health supplement,33,34,0,0,TRUE,,,,0,,1,1,2020-09-17 07:27:00+00,2020-09-17 07:27:00+00,0,0,0
"9311770588232	","9311770588232	",SWISSE MENS 50+ ULTIVITE 90 TABS,SW50岁男性多维90,TRUE,health supplement,33,34,24.59,24.59,TRUE,,,,0,,1,1,2020-09-17 07:27:00+00,2020-09-17 07:27:00+00,0,0,0
"9311770597364	","9311770597364	",SWISSE ULTIBOOST HIGH STRENGTH PROPOLIS 210 CAPS,SW黑蜂胶210,TRUE,health supplement,33,34,0,0,TRUE,,,,0,,1,1,2020-09-17 07:27:00+00,2020-09-17 07:27:00+00,0,0,0
"9300807287323	","9300807287323	",BLACKMORES EPO 190,BM月见草油190,TRUE,health supplement,8,9,0,0,TRUE,,,,0,,1,1,2020-09-17 07:27:00+00,2020-09-17 07:27:00+00,0,0,0
"9314807060770	","9314807060770	",NW SR123 CHOC SHAKE 375G,NW瘦身代餐奶昔375g巧克力-NEW,TRUE,health supplement,24,24,0,0,TRUE,,,,0,,1,1,2020-09-17 07:27:00+00,2020-09-17 07:27:00+00,0,0,0
"9323503034084	","9323503034084	",BG 1-A-DAY VITAMIN C 50s,BG每日维C橙子味50片,TRUE,health supplement,5,6,0,0,TRUE,,,,0,,1,1,2020-09-17 07:27:00+00,2020-09-17 07:27:00+00,0,0,0
"9314807059156	","9314807059156	",NW INP+COLLAGEN 300G,NW胶原蛋白蛋白粉300G - 箱规/3,TRUE,health supplement,24,24,0,0,TRUE,,,,0,,1,1,2020-09-17 07:27:00+00,2020-09-17 07:27:00+00,0,0,0
"9316090018803	","9316090018803	",NATURES OWN CRANBERRY 50000 30S,NO蔓越莓胶囊50000mg 30粒,TRUE,health supplement,22,22,0,0,TRUE,,,,0,,1,1,2020-09-17 07:28:00+00,2020-09-17 07:28:00+00,0,0,0
"9316090055907	","9316090055907	",NATURES OWN EPO 200S,NO月见草油胶囊1000mg 200粒,TRUE,health supplement,22,22,0,0,TRUE,,,,0,,1,1,2020-09-17 07:28:00+00,2020-09-17 07:28:00+00,0,0,0
"9311770602822	","9311770602822	",SWISSE MATCHA TEA ANTI-POLLUTION CLAY MASK 70G-NEW,Swisse抹茶舒缓排毒清洁面膜70G-NEW,TRUE,health supplement,33,34,0,0,TRUE,,,,0,,1,1,2020-09-17 07:27:00+00,2020-09-17 07:27:00+00,0,0,0
"9311770599764	","9311770599764	",SWISSE UB HS MACA 60 TABS,SW高浓度玛卡片60,TRUE,health supplement,33,34,0,0,TRUE,,,,0,,1,1,2020-09-17 07:27:00+00,2020-09-17 07:27:00+00,0,0,0
"9311770589864	","9311770589864	",SWISSE ROSE HIP HAND CREAM 100ML,SW玫瑰果精油手霜100ML,TRUE,health supplement,33,34,0,0,TRUE,,,,0,,1,1,2020-09-17 07:27:00+00,2020-09-17 07:27:00+00,0,0,0
"9310846500123	","9310846500123	",GN BEAUTY 30S,GN胶原蛋白再生美容丸30粒,TRUE,health supplement,24,24,0,0,TRUE,,,,0,,1,1,2020-09-17 07:27:00+00,2020-09-17 07:27:00+00,0,0,0
"9323503024917	","9323503024917	",BG MELATONIN SPRAY 50ml,BG褪黑素睡眠喷雾50ml,TRUE,health supplement,5,6,0,0,TRUE,,,,0,,1,1,2020-09-17 07:27:00+00,2020-09-17 07:27:00+00,0,0,0
"20190620	","20190620	",VIERRA 3 Page Fold,惟爱论产品三折页,TRUE,health supplement,36,37,0,0,TRUE,,,,0,,1,1,2020-09-17 07:28:00+00,2020-09-17 07:28:00+00,0,0,0
"9348107001072	","9348107001072	",EAORON INSTANT WHITENING MASK,EAORON光速美白面膜,TRUE,skin care,14,14,0,0,TRUE,,,,0,,1,1,2020-09-17 07:27:00+00,2020-09-17 07:27:00+00,0,0,0
"9316254017062	","9316254017062	",HEALTHY CARE FACE SERUM 50ML,HEALTHY CARE金箔羊胎素面部精华50ML,TRUE,health supplement,17,17,0,0,TRUE,,,,0,,1,1,2020-09-17 07:27:00+00,2020-09-17 07:27:00+00,0,0,0
"9311770599665	","9311770599665	",SWISSE ULTIBOOST CO ENZYME Q10 150mg 180 CAPS,SW辅酶Q10 150毫克 180,TRUE,health supplement,33,34,0,0,TRUE,,,,0,,1,1,2020-09-17 07:27:00+00,2020-09-17 07:27:00+00,0,0,0
"9311770597388	","9311770597388	",SWISSE VITAMIN E FACIAL MOISTURISER 125ML,SW维他命E保湿乳125ml,TRUE,health supplement,33,34,0,0,TRUE,,,,0,,1,1,2020-09-17 07:27:00+00,2020-09-17 07:27:00+00,0,0,0
"9311770599795	","9311770599795	",SWISSE UB HS CRANBERRY 90 CAP,SW蔓越莓90,TRUE,health supplement,33,34,0,0,TRUE,,,,0,,1,1,2020-09-17 07:27:00+00,2020-09-17 07:27:00+00,0,0,0
"93370134	","93370134	",BLACKMORES SUGAR BALANCE 90,BM糖平衡90,TRUE,health supplement,8,9,0,0,TRUE,,,,0,,1,1,2020-09-17 07:27:00+00,2020-09-17 07:27:00+00,0,0,0
"9310160820402	","9310160820402	",BAYER ELEVIT MORNING SICKNESS RELIEF 30s,BAYER爱乐维孕期缓解片30粒,TRUE,health supplement,3,4,0,0,TRUE,,,,0,,1,1,2020-09-17 07:27:00+00,2020-09-17 07:27:00+00,0,0,0
"9325740023128	","9325740023128	",FB NP FATMAGNET 100S,FB天然排毒吸脂纤维片100s,TRUE,health supplement,15,15,0,0,TRUE,,,,0,,1,1,2020-09-17 07:27:00+00,2020-09-17 07:27:00+00,0,0,0
"9323503025716	","9323503025716	",BG ORGANIC COCONUT OIL 1L,BG椰子油1L,TRUE,health supplement,5,6,0,0,TRUE,,,,0,,1,1,2020-09-17 07:27:00+00,2020-09-17 07:27:00+00,0,0,0
"9314807063061	","9314807063061	",NW KS IRON CHEWABLE 50s,NW佳思敏儿童补铁VC无糖咀嚼片50,TRUE,health supplement,24,24,0,0,TRUE,,,,0,,1,1,2020-09-17 07:27:00+00,2020-09-17 07:27:00+00,0,0,0
"9323503027031	","9323503027031	",BG KIDS SLEEP CHEWABLE 50S,BG儿童睡眠咀嚼片50S,TRUE,health supplement,5,6,0,0,TRUE,,,,0,,1,1,2020-09-17 07:27:00+00,2020-09-17 07:27:00+00,0,0,0
"9300705605632	","9300705605632	",CVS ONCE DAILY 50+ MULTI VALUE PACK 100CAPS,CVS中老年复合维生素胶囊 100粒,TRUE,health supplement,10,11,0,0,TRUE,,,,0,,1,1,2020-09-17 07:28:00+00,2020-09-17 07:28:00+00,0,0,0
"9351791000375	","9351791000375	",PROCTOSEDYL WITCH HAZEL 30G-NEW,痔疮膏 WH 30G (非OTC版本) - NEW,TRUE,health supplement,26,26,0,0,TRUE,,,,0,,1,1,2020-09-17 07:28:00+00,2020-09-17 07:28:00+00,0,0,0
"9316090018544	","9316090018544	",NATURES OWN HIGH STRENGTH MILK THISTLE 35000MG CAPULES 60S,NO高含量护肝胶囊35mg 60粒,TRUE,health supplement,22,22,0,0,TRUE,,,,0,,1,1,2020-09-17 07:28:00+00,2020-09-17 07:28:00+00,0,0,0
"93555159	","93555159	",SWISSE ULB DAILY DIGESTIVE PROBIOTIC 90CAPS,SW每日消化益生菌 90CAPS,TRUE,health supplement,33,34,0,0,TRUE,,,,0,,1,1,2020-09-17 07:27:00+00,2020-09-17 07:27:00+00,0,0,0
"9311770603010	","9311770603010	",SWISSE KIDS FISH OIL 60 CAPS-NEW,SW儿童鱼油60-NEW,TRUE,health supplement,33,34,0,0,TRUE,,,,0,,1,1,2020-09-17 07:27:00+00,2020-09-17 07:27:00+00,0,0,0
"9311770587242	","9311770587242	",SWISSE TEENAGE MENS ULTIVITE 60 TABS,SW青少年男维60 NEW,TRUE,health supplement,33,34,0,0,TRUE,,,,0,,1,1,2020-09-17 07:27:00+00,2020-09-17 07:27:00+00,0,0,0
"9311770596572	","9311770596572	",SWISSE ARGAN FACIAL MOISTURISE125ML,SW 摩洛哥坚果面部保湿霜125ML,TRUE,skin care,33,34,0,0,TRUE,,,,0,,1,1,2020-09-17 07:27:00+00,2020-09-17 07:27:00+00,0,0,0
"9311770595902	","9311770595902	",SWISSE WOMENS POWER ULTIVITE 40 TABS,SW女士力量维生素40TABS,TRUE,health supplement,33,34,0,0,TRUE,,,,0,,1,1,2020-09-17 07:27:00+00,2020-09-17 07:27:00+00,0,0,0
"9311770595117	","9311770595117	",SWISSE ARGAN ANTI-AGEING EYE CREAM 15ML,SW摩洛哥坚果眼霜15ML,TRUE,skin care,33,34,0,0,TRUE,,,,0,,1,1,2020-09-17 07:27:00+00,2020-09-17 07:27:00+00,0,0,0
"93807975	","93807975	",BLACKMORES GRAPE SEED 30,BM葡萄籽30,TRUE,health supplement,8,9,0,0,TRUE,,,,0,,1,1,2020-09-17 07:27:00+00,2020-09-17 07:27:00+00,0,0,0
"9323503025297	","9323503025297	",BG GRAPE SEED EXT 20000mg 200s,BG葡萄籽精华2000mg200,TRUE,health supplement,5,6,0,0,TRUE,,,,0,,1,1,2020-09-17 07:27:00+00,2020-09-17 07:27:00+00,0,0,0
"9323503025334	","9323503025334	",BG ALKALISER 60s,BG碱平衡片60,TRUE,health supplement,5,6,0,0,TRUE,,,,0,,1,1,2020-09-17 07:27:00+00,2020-09-17 07:27:00+00,0,0,0
"9300705603942	","9300705603942	",CENOVIS FISH OIL 1500MG 200CAPS,CVS无腥味高浓度鱼油 200粒,TRUE,health supplement,10,11,0,0,TRUE,,,,0,,1,1,2020-09-17 07:28:00+00,2020-09-17 07:28:00+00,0,0,0
"9314839011948	","9314839011948	",QV BABY MOISTURISING CREAM 250G,QV婴儿滋润霜250g,TRUE,health supplement,27,27,0,0,TRUE,,,,0,,1,1,2020-09-17 07:28:00+00,2020-09-17 07:28:00+00,0,0,0
"9314839005602	","9314839005602	",QV Face Gentle Cleanser 250g,QV成人温和洗面奶250G,TRUE,health supplement,27,27,0,0,TRUE,,,,0,,1,1,2020-09-17 07:28:00+00,2020-09-17 07:28:00+00,0,0,0
"93537322	","93537322	",QV NAKED DEODORANT ROLL-ON 80G,QV止汗香体露走珠80g-白盖,TRUE,skin care,27,27,0,0,TRUE,,,,0,,1,1,2020-09-17 07:28:00+00,2020-09-17 07:28:00+00,0,0,0
"9311770589703	","9311770589703	",Swisse Lemongrass Body Wash 500Ml,SW柠檬草沐浴露500ML,TRUE,skin care,33,34,0,0,TRUE,,,,0,,1,1,2020-09-17 07:27:00+00,2020-09-17 07:27:00+00,0,0,0
"9311770600118	","9311770600118	",SWISSE HYALURO-NATURAL HYDRATING FACIAL MASK 50G,SW玻尿酸保湿面膜50g,TRUE,skin care,33,34,0,0,TRUE,,,,0,,1,1,2020-09-17 07:27:00+00,2020-09-17 07:27:00+00,0,0,0
"9300807287392	","9300807287392	",BLACKMORES TOTAL CAL MAG D 200,BM钙镁D3片200,TRUE,health supplement,8,9,0,0,TRUE,,,,0,,1,1,2020-09-17 07:27:00+00,2020-09-17 07:27:00+00,0,0,0
"9300807294611	","9300807294611	",BLACKMORES GLUCOSAMINE 180,BM维骨力180,TRUE,health supplement,8,9,0,0,TRUE,,,,0,,1,1,2020-09-17 07:27:00+00,2020-09-17 07:27:00+00,0,0,0
"9310160814098	","9310160814098	",BAYER MENEVIT 90S,BAYER男士爱乐维90粒,TRUE,health supplement,3,4,0,0,TRUE,,,,0,,1,1,2020-09-17 07:27:00+00,2020-09-17 07:27:00+00,0,0,0
"9314807060787	","9314807060787	",NW SR123 STRW W RASP KETONES 375G,NW瘦身代餐奶昔375g红树莓-NEW,TRUE,health supplement,24,24,0,0,TRUE,,,,0,,1,1,2020-09-17 07:27:00+00,2020-09-17 07:27:00+00,0,0,0
"9323503032592	","9323503032592	",BG ORIGINAL T/C CDU,BG清嗓子含片20片（原味）,TRUE,health supplement,5,6,0,0,TRUE,,,,0,,1,1,2020-09-17 07:27:00+00,2020-09-17 07:27:00+00,0,0,0
"9325740030270	","9325740030270	",NP FB ULT INDUL RCKY ROAD 7S- NEW,FB 营养代餐奶昔231g 7袋装  坚果蜜饯味-NEW,TRUE,health supplement,15,15,0,0,TRUE,,,,0,,1,1,2020-09-17 07:27:00+00,2020-09-17 07:27:00+00,0,0,0
"9325740030355	","9325740030355	",NP FB KETO FIT FIRE 60S - NEW,NP FB KETO 溶脂片 60粒-NEW,TRUE,health supplement,15,15,0,0,TRUE,,,,0,,1,1,2020-09-17 07:27:00+00,2020-09-17 07:27:00+00,0,0,0
"9351791001006	","9351791001006	",SELSUN GREEN ANTI DANDRUFF SHAMPOO 200ML,SELSUN修复洗发水(绿瓶)200ML,TRUE,health supplement,30,31,0,0,TRUE,,,,0,,1,1,2020-09-17 07:28:00+00,2020-09-17 07:28:00+00,0,0,0
"9316090500704	","9316090500704	",OST VITAMIN D & CALCIUM CHEWABLE 60'S,OST成人钙D咀嚼片60,TRUE,health supplement,25,25,0,0,TRUE,,,,0,,1,1,2020-09-17 07:28:00+00,2020-09-17 07:28:00+00,0,0,0
"9300705001236	","9300705001236	",CVS SUGARLESS C 500MG 100S,CVS圣诺无糖维生素C 100粒,TRUE,health supplement,10,11,0,0,TRUE,,,,0,,1,1,2020-09-17 07:28:00+00,2020-09-17 07:28:00+00,0,0,0
"93537339	","93537339	",QV NAKED ANTI-PERSPIRANT DEODORANT ROLL-ON,QV止汗香体露走珠80g-蓝盖,TRUE,health supplement,27,27,0,0,TRUE,,,,0,,1,1,2020-09-17 07:28:00+00,2020-09-17 07:28:00+00,0,0,0
"9314839018046	","9314839018046	",QV BABY GENTLE WASH 250G-NEW,QV婴儿沐浴露250G-新,TRUE,health supplement,27,27,0,0,TRUE,,,,0,,1,1,2020-09-17 07:28:00+00,2020-09-17 07:28:00+00,0,0,0
"9331927003333	","9331927003333	",LIFESPACE PROBIOTIC POWDER FOR BABY 60G,LS婴幼儿益生菌粉60g,TRUE,health supplement,19,19,0,0,TRUE,,,,0,,1,1,2020-09-17 07:28:00+00,2020-09-17 07:28:00+00,0,0,0
"9312146006589	","9312146006589	",TP TEA TREE SKINCARE SOAP,星期四农场茶树皂,TRUE,health supplement,35,36,0,0,TRUE,,,,0,,1,1,2020-09-17 07:28:00+00,2020-09-17 07:28:00+00,0,0,0
"9311770603942	","9311770603942	",SWISSE MICELLAR MAKE UP REMOVER 300ML-NEW,SW小黄瓜卸妆水300ML-新包装,TRUE,health supplement,33,34,0,0,TRUE,,,,0,,1,1,2020-09-17 07:27:00+00,2020-09-17 07:27:00+00,0,0,0
"9311770596565	","9311770596565	",SWISSE ROSE HIP FACIAL MOISTURISER 125ml,SW玫瑰果精油面霜 125ML,TRUE,health supplement,33,34,0,0,TRUE,,,,0,,1,1,2020-09-17 07:27:00+00,2020-09-17 07:27:00+00,0,0,0
"9311770588843	","9311770588843	",SWISSE U/B ODRLS HI-STRENGTH WILD FISH OIL 1000MG 400CAP,SW无腥味野生鱼油1000mg 400,TRUE,health supplement,33,34,0,0,TRUE,,,,0,,1,1,2020-09-17 07:27:00+00,2020-09-17 07:27:00+00,0,0,0
"9325740026327	","9325740026327	",FB SUPERSHAKE VANILLA 430G TUB,FB加速版代餐奶昔 香草味430g,TRUE,health supplement,15,15,0,0,TRUE,,,,0,,1,1,2020-09-17 07:27:00+00,2020-09-17 07:27:00+00,0,0,0
"9323503024559	","9323503024559	",BG SUPERFOODS COCONUT OIL 100s,BG超级食物椰子油胶囊100粒,TRUE,health supplement,5,6,0,0,TRUE,,,,0,,1,1,2020-09-17 07:27:00+00,2020-09-17 07:27:00+00,0,0,0
"9314807069629	","9314807069629	",NP FB FIBREPRO POWDER 200g CN,FB纤维粉200G-CN,TRUE,health supplement,15,15,0,0,TRUE,,,,0,,1,1,2020-09-17 07:27:00+00,2020-09-17 07:27:00+00,0,0,0
"041167266038	","041167266038	",SELSUN 2.5 TREATMENT GOLD 200ML,SELSUN深度去屑洗发水(金) 200ML,TRUE,health supplement,30,31,0,0,TRUE,,,,0,,1,1,2020-09-17 07:28:00+00,2020-09-17 07:28:00+00,0,0,0
"9327693004391	","9327693004391	",Sukin Micellar Cleansing Water 250ml,苏芊 纯天然面部卸妆水 250ml,TRUE,health supplement,31,32,0,0,TRUE,,,,0,,1,1,2020-09-17 07:27:00+00,2020-09-17 07:27:00+00,0,0,0
"9322316001115	","9322316001115	",G&M LANOLIN OIL MOISTURUSING CREAM 500G,G&M绵羊油500G-原味,TRUE,health supplement,16,16,0,0,TRUE,,,,0,,1,1,2020-09-17 07:27:00+00,2020-09-17 07:27:00+00,0,0,0
"9311770603904	","9311770603904	",SWISSE BEAUTY COLLAGEN SLEEP 120G,SW晚安胶原蛋白肽粉120g,TRUE,health supplement,33,34,0,0,TRUE,,,,0,,1,1,2020-09-17 07:27:00+00,2020-09-17 07:27:00+00,0,0,0
"9311770603140	","9311770603140	",SWISSE KIDS EYE HEALTH 30 CAPS-NEW,SW儿童护眼30-NEW（由于包装问题 2021年出）,TRUE,health supplement,33,34,0,0,TRUE,,,,0,,1,1,2020-09-17 07:27:00+00,2020-09-17 07:27:00+00,0,0,0
"9311770601054	","9311770601054	",SWISSE HYALURONIC ACID FIRMING EYE SERUM 20ML,SW玻尿酸抗皱眼部精华-NEW,TRUE,health supplement,33,34,0,0,TRUE,,,,0,,1,1,2020-09-17 07:27:00+00,2020-09-17 07:27:00+00,0,0,0
"9311770599610	","9311770599610	",SWISSE KIDS VITC+ZINC 50TAB,SW儿童VC+锌50,TRUE,health supplement,33,34,0,0,TRUE,,,,0,,1,1,2020-09-17 07:27:00+00,2020-09-17 07:27:00+00,0,0,0
"9311770588249	","9311770588249	",SWISSE ULTIBOOST SLEEP 100 TABS,SW睡眠片100,TRUE,health supplement,33,34,11.98,11.98,TRUE,,,,0,,1,1,2020-09-17 07:27:00+00,2020-09-17 07:27:00+00,0,0,0
"9310160821102	","9310160821102	",BAYER BEPANTHEN SCAR TREATMENT 20g,BAYER祛疤膏20克,TRUE,health supplement,3,4,0,0,TRUE,,,,0,,1,1,2020-09-17 07:27:00+00,2020-09-17 07:27:00+00,0,0,0
"9323503026638	","9323503026638	",BG HEALTHY KIDS CALCIUM+D3 50s,BG儿童安定片50粒,TRUE,health supplement,5,6,0,0,TRUE,,,,0,,1,1,2020-09-17 07:27:00+00,2020-09-17 07:27:00+00,0,0,0
"041167662014	","041167662014	",SELSUN DEEP CLEAN 200ML,SELSUN去屑洗发水深层清洁(紫盖) 200ML,TRUE,health supplement,30,31,0,0,TRUE,,,,0,,1,1,2020-09-17 07:28:00+00,2020-09-17 07:28:00+00,0,0,0
"9351791001020	","9351791001020	",SELSUN GREEN SHAMPOO SACHET 10ML,SELSUN修复洗发水(绿瓶)小样 10ML,TRUE,health supplement,30,31,0,0,TRUE,,,,0,,1,1,2020-09-17 07:28:00+00,2020-09-17 07:28:00+00,0,0,0
"9314839018053	","9314839018053	",QV BABY GENTLE WASH 500G,QV婴儿沐浴露500G,TRUE,health supplement,27,27,0,0,TRUE,,,,0,,1,1,2020-09-17 07:28:00+00,2020-09-17 07:28:00+00,0,0,0
"9300639999005	","9300639999005	",DEVONDALE INSTANT MILK POWDER SKIM 1KG,DD德运脱脂成人奶粉,TRUE,health supplement,12,12,0,0,TRUE,,,,0,,1,1,2020-09-17 07:28:00+00,2020-09-17 07:28:00+00,0,0,0
"9311770591690	","9311770591690	",SWISSE ULTIBOOST HIGH STRENGTH CRANBERRY 30 CAPS,SW蔓越莓30,TRUE,health supplement,33,34,0,0,TRUE,,,,0,,1,1,2020-09-17 07:27:00+00,2020-09-17 07:27:00+00,0,0,0
"9311770588225	","9311770588225	",SWISSE WOMENS 50+ ULTIVITE 90 TABS,SW50岁女性多维90,TRUE,health supplement,33,34,0,0,TRUE,,,,0,,1,1,2020-09-17 07:27:00+00,2020-09-17 07:27:00+00,0,0,0
"9311770598828	","9311770598828	",SWISSE KIDS MULTI 50TAB,SW儿童多维50,TRUE,health supplement,33,34,0,0,TRUE,,,,0,,1,1,2020-09-17 07:27:00+00,2020-09-17 07:27:00+00,0,0,0
"9311770595766	","9311770595766	",SWISSE ULTIBOOST EVENING PRIMROSE OIL 200 CAPS,SW月见草油200,TRUE,health supplement,33,34,0,0,TRUE,,,,0,,1,1,2020-09-17 07:27:00+00,2020-09-17 07:27:00+00,0,0,0
"4057599002515	","4057599002515	",BAYER ELEVIT PROBIOTICS FOR PREGNANCY AND BREASTFEEDING 30 CAPS,BAYER爱乐维孕期哺乳期益生菌30粒,TRUE,health supplement,3,4,0,0,TRUE,,,,0,,1,1,2020-09-17 07:27:00+00,2020-09-17 07:27:00+00,0,0,0
"9314807007225	","9314807007225	",NW INP CHOCOLATE 375G,NW天然大豆蛋白粉 巧克力味 -- 箱规/2,TRUE,health supplement,24,24,0,0,TRUE,,,,0,,1,1,2020-09-17 07:27:00+00,2020-09-17 07:27:00+00,0,0,0
"9314807025458	","9314807025458	",NW KS PROBIOTIC BALL 50G,NW益生菌巧克力球 50g,TRUE,health supplement,24,24,0,0,TRUE,,,,0,,1,1,2020-09-17 07:27:00+00,2020-09-17 07:27:00+00,0,0,0
"9314807022563	","9314807022563	",SAMBUCOL C&F SYRUP 120ML,SAMBUCOL感冒糖浆120ml,TRUE,health supplement,29,29,0,0,TRUE,,,,0,,1,1,2020-09-17 07:27:00+00,2020-09-17 07:27:00+00,0,0,0
"9325740029335	","9325740029335	",FB FATB RASP SHAKE 30% LS SUGAR 430G,FB营养代餐奶昔 30%低糖覆盆子味430g NEW -- 箱规/2,TRUE,health supplement,15,15,0,0,TRUE,,,,0,,1,1,2020-09-17 07:27:00+00,2020-09-17 07:27:00+00,0,0,0
"9323503025372	","9323503025372	",BG SF COCONUT CHIPS NAT 20g,BG超级食物椰子片（原味)20g,TRUE,health supplement,5,6,0,0,TRUE,,,,0,,1,1,2020-09-17 07:27:00+00,2020-09-17 07:27:00+00,0,0,0
"9325740030256	","9325740030256	",NP FB ULT INDUL SLT CARAMEL 7S- NEW,FB 营养代餐奶昔231g 7袋装  焦糖味-NEW,TRUE,health supplement,15,15,0,0,TRUE,,,,0,,1,1,2020-09-17 07:27:00+00,2020-09-17 07:27:00+00,0,0,0
"9314807069919	","9314807069919	",NP FB SALTED EGG SHAKE 430g CN,NP咸蛋黄奶昔430G,TRUE,health supplement,15,15,0,0,TRUE,,,,0,,1,1,2020-09-17 07:27:00+00,2020-09-17 07:27:00+00,0,0,0
"9316090507000	","9316090507000	",OSTELIN TOY WITH RED VEST,OSTELIN恐龙玩具-红背心,TRUE,health supplement,25,25,0,0,TRUE,,,,0,,1,1,2020-09-17 07:28:00+00,2020-09-17 07:28:00+00,0,0,0
"9316090018759	","9316090018759	",NATURES OWN COMPLETE SLEEP? ADVANCED TABLETS 60,NO睡眠片60粒,TRUE,health supplement,22,22,0,0,TRUE,,,,0,,1,1,2020-09-17 07:28:00+00,2020-09-17 07:28:00+00,0,0,0
"9300705032308	","9300705032308	",CVS SUGARLESS C 500MG 300S,CVS圣诺无糖维生素C 300粒,TRUE,health supplement,10,11,0,0,TRUE,,,,0,,1,1,2020-09-17 07:28:00+00,2020-09-17 07:28:00+00,0,0,0
"20190404	","20190404	",VIERRA SHELF GLORIFIER,VIERRA 展架,TRUE,health supplement,36,37,0,0,TRUE,,,,0,,1,1,2020-09-17 07:28:00+00,2020-09-17 07:28:00+00,0,0,0
"9400575002071	","9400575002071	",THOMPSON'S OAD BILBERRY 60S (12000MG),汤普森越橘精华60S,TRUE,health supplement,34,35,0,0,TRUE,,,,0,,1,1,2020-09-17 07:28:00+00,2020-09-17 07:28:00+00,0,0,0
"717554070020	","717554070020	",TP TEA TREE WALKABOUT INSECT REPELLENT 50ML,星期四农场茶树杀虫剂50ML,TRUE,health supplement,35,36,0,0,TRUE,,,,0,,1,1,2020-09-17 07:28:00+00,2020-09-17 07:28:00+00,0,0,0
"9311770598262	","9311770598262	",SWISSE DEEP SEA FACIAL HYDRATING MIST TONER 125ML,SW深海保湿喷雾125ML,TRUE,health supplement,33,34,0,0,TRUE,,,,0,,1,1,2020-09-17 07:27:00+00,2020-09-17 07:27:00+00,0,0,0
"9311770598279	","9311770598279	",SWISSE MANUKA HONEY DETOXIFYING FACIAL MASK 70g,SW马努卡蜂蜜面膜70G,TRUE,health supplement,33,34,0,0,TRUE,,,,0,,1,1,2020-09-17 07:27:00+00,2020-09-17 07:27:00+00,0,0,0
"9311770589970	","9311770589970	",SWISSE CHILDRENS ULTIVITE 120 TABS,SW儿童多维片120,TRUE,health supplement,33,34,8.72,8.72,TRUE,,,,0,,1,1,2020-09-17 07:27:00+00,2020-09-17 07:27:00+00,0,0,0
"9300807237311	","9300807237311	",BLACKMORES OMEGA BRAIN HEALTH 60 CAPS,BM 健脑鱼油配方60,TRUE,health supplement,8,9,0,0,TRUE,,,,0,,1,1,2020-09-17 07:27:00+00,2020-09-17 07:27:00+00,0,0,0
"9310041901909	","9310041901909	",BAYER BEPANTHEN OINTMENT 100g,BAYER婴儿护臀湿疹万能膏100克,TRUE,health supplement,3,4,0,0,TRUE,,,,0,,1,1,2020-09-17 07:27:00+00,2020-09-17 07:27:00+00,0,0,0
"9314807069117	","9314807069117	",NW KS LACTOFERRIN 30 SACH,佳思敏金装乳铁蛋白粉,TRUE,health supplement,24,24,0,0,TRUE,,,,0,,1,1,2020-09-17 07:27:00+00,2020-09-17 07:27:00+00,0,0,0
"9300705605366	","9300705605366	",CVS LOW ODOUR GARLIC CAPSULES 150,CENOVIS薄荷味大蒜素胶囊150粒,TRUE,health supplement,10,11,0,0,TRUE,,,,0,,1,1,2020-09-17 07:27:00+00,2020-09-17 07:27:00+00,0,0,0
"9300705604949	","9300705604949	",CENOVIS COLD SORE COMPLEX 30 TABS,CVS赖氨酸抗感复合片 30片,TRUE,health supplement,10,11,0,0,TRUE,,,,0,,1,1,2020-09-17 07:27:00+00,2020-09-17 07:27:00+00,0,0,0
"9311770601825	","9311770601825	",SWISSE UN PRE-CONCEPTION & PREGNANCY 180CAPS,SW-UN怀孕哺乳营养素180,TRUE,health supplement,33,34,0,0,TRUE,,,,0,,1,1,2020-09-17 07:27:00+00,2020-09-17 07:27:00+00,0,0,0
"9311770601757	","9311770601757	",Swisse UN Calcium Liquid For Baby 60 Caps,SW-UN婴儿液体钙60,TRUE,health supplement,33,34,0,0,TRUE,,,,0,,1,1,2020-09-17 07:27:00+00,2020-09-17 07:27:00+00,0,0,0
"9311770595124	","9311770595124	",SWISSE BAMBOO FACIAL EXFOLIANT 125ML,SW竹炭面部去角质125ML,TRUE,health supplement,33,34,0,0,TRUE,,,,0,,1,1,2020-09-17 07:27:00+00,2020-09-17 07:27:00+00,0,0,0
"9311770589994	","9311770589994	",SWISSE ULTIBOOST LIVER DETOX 120 TABS,SW保肝素120,TRUE,health supplement,33,34,0,0,TRUE,,,,0,,1,1,2020-09-17 07:27:00+00,2020-09-17 07:27:00+00,0,0,0
"9311770589314	","9311770589314	",SWISSE ULTIBOOST CHLOROPHYLL+ 100 TABS,SW叶绿素片100,TRUE,health supplement,33,34,0,0,TRUE,,,,0,,1,1,2020-09-17 07:27:00+00,2020-09-17 07:27:00+00,0,0,0
"9323503023330	","9323503023330	",BG GUMMIES NEMO 60s,BG儿童鱼油软糖60,TRUE,health supplement,5,6,0,0,TRUE,,,,0,,1,1,2020-09-17 07:27:00+00,2020-09-17 07:27:00+00,0,0,0
"9314807022525	","9314807022525	",NW KIDS SMART TRIO 180S,NW佳思敏儿童三色鱼油180,TRUE,health supplement,24,24,0,0,TRUE,,,,0,,1,1,2020-09-17 07:27:00+00,2020-09-17 07:27:00+00,0,0,0
"9314807048952	","9314807048952	",SAMBUCOL KIDS COUGH LIQUID 120ml,SAMBUCOL儿童咳嗽糖浆120ml NEW,TRUE,health supplement,29,29,0,0,TRUE,,,,0,,1,1,2020-09-17 07:27:00+00,2020-09-17 07:27:00+00,0,0,0
"9323503027017	","9323503027017	",BG KIDS FOCUS+LEARN 50S,BG儿童记忆力片50S,TRUE,health supplement,5,6,0,0,TRUE,,,,0,,1,1,2020-09-17 07:27:00+00,2020-09-17 07:27:00+00,0,0,0
"9314807066239	","9314807066239	",NW ADULT VG IMM SUG FREE 65S,佳思敏成人无糖免疫软糖65S,TRUE,health supplement,24,24,0,0,TRUE,,,,0,,1,1,2020-09-17 07:27:00+00,2020-09-17 07:27:00+00,0,0,0
"9316090506607	","9316090506607	",OSTELIN KIDS MILK CAL & VIT D3 LIQUID 90ML-NEW,OST 儿童奶钙滴剂90ml,TRUE,health supplement,25,25,0,0,TRUE,,,,0,,1,1,2020-09-17 07:28:00+00,2020-09-17 07:28:00+00,0,0,0
"9300705603072	","9300705603072	",CVS MEGA E 500MG 250S,CVS圣诺天然维生素E 250粒,TRUE,health supplement,10,11,0,0,TRUE,,,,0,,1,1,2020-09-17 07:28:00+00,2020-09-17 07:28:00+00,0,0,0
"9314839018022	","9314839018022	",QV BABY BATH OIL 250ML,QV婴儿洗澡沐浴油250ml,TRUE,health supplement,27,27,0,0,TRUE,,,,0,,1,1,2020-09-17 07:28:00+00,2020-09-17 07:28:00+00,0,0,0
"9314839004759	","9314839004759	",QV KIDS MOISTURISING CREAM 100G,QV儿童滋润霜100g,TRUE,health supplement,27,27,0,0,TRUE,,,,0,,1,1,2020-09-17 07:28:00+00,2020-09-17 07:28:00+00,0,0,0
"9314839016943	","9314839016943	",QV BABY MOISTURISING CREAM 250G PUMP-NEW,QV 婴儿滋润霜 250g 压汞型-NEW,TRUE,health supplement,27,27,0,0,TRUE,,,,0,,1,1,2020-09-17 07:28:00+00,2020-09-17 07:28:00+00,0,0,0
"9312146008507	","9312146008507	",TP ALOE VERA GEL 500G,星期四农场芦荟凝胶500G NEW,TRUE,health supplement,35,36,0,0,TRUE,,,,0,,1,1,2020-09-17 07:28:00+00,2020-09-17 07:28:00+00,0,0,0
"9311770589666	","9311770589666	",SWISSE UB ZINC+ 60 TABS,SW 成人补锌片 60,TRUE,health supplement,33,34,0,0,TRUE,,,,0,,1,1,2020-09-17 07:27:00+00,2020-09-17 07:27:00+00,0,0,0
"9311770601955	","9311770601955	",Swisse UN Probiotic Powder For Baby 28 Sachets,SW-UN婴儿益生菌粉28袋,TRUE,health supplement,33,34,0,0,TRUE,,,,0,,1,1,2020-09-17 07:27:00+00,2020-09-17 07:27:00+00,0,0,0
"9300807287316	","9300807287316	",BLACKMORES PREGNANCY BREASTFEEDING GOLD 180,BM黄金孕素180,TRUE,health supplement,8,9,0,0,TRUE,,,,0,,1,1,2020-09-17 07:27:00+00,2020-09-17 07:27:00+00,0,0,0
"9310160820129	","9310160820129	",BEROCCA PERFORMANCE EFFERVESCENT ORANGE 45 TAB,BEROCCA 香橙味复合维生素泡腾片45,TRUE,health supplement,4,5,0,0,TRUE,,,,0,,1,1,2020-09-17 07:27:00+00,2020-09-17 07:27:00+00,0,0,0
"93802840	","93802840	",BG MELATONIN 90s,BG褪黑素睡眠90,TRUE,health supplement,5,6,0,0,TRUE,,,,0,,1,1,2020-09-17 07:27:00+00,2020-09-17 07:27:00+00,0,0,0
"9314807042516	","9314807042516	",NW VITA-GUMIES OMEGA3 + MULTI 50S,NW佳思敏OMEGA3+复合维生素软糖50,TRUE,health supplement,24,24,0,0,TRUE,,,,0,,1,1,2020-09-17 07:27:00+00,2020-09-17 07:27:00+00,0,0,0
"9314807046408	","9314807046408	",NW VG WOMENS MULTI  100S,NW女性多维软糖100s,TRUE,health supplement,24,24,0,0,TRUE,,,,0,,1,1,2020-09-17 07:27:00+00,2020-09-17 07:27:00+00,0,0,0
"9323503024542	","9323503024542	",BG SUPERFOODS MACA 100s,BG玛卡片100,TRUE,health supplement,5,6,0,0,TRUE,,,,0,,1,1,2020-09-17 07:27:00+00,2020-09-17 07:27:00+00,0,0,0
"9323503023736	","9323503023736	",BG COCONUT OIL 300g,BG椰子油300g,TRUE,health supplement,5,6,0,0,TRUE,,,,0,,1,1,2020-09-17 07:27:00+00,2020-09-17 07:27:00+00,0,0,0
"9314839004810	","9314839004810	",QV GENTLE WASH 500G,QV成人沐浴露500G,TRUE,health supplement,27,27,0,0,TRUE,,,,0,,1,1,2020-09-17 07:28:00+00,2020-09-17 07:28:00+00,0,0,0
"9331927004941	","9331927004941	",LIFESPACE CHILDREN 2 FL PROBIOTICS 60G,LS益倍适GOLD儿童HMO益生菌粉60G,TRUE,health supplement,19,19,0,0,TRUE,,,,0,,1,1,2020-09-17 07:28:00+00,2020-09-17 07:28:00+00,0,0,0
"93894944	","93894944	",BLACKMORES COQ10 150MG 30,BM辅酶Q10 150mg 30,TRUE,health supplement,8,9,0,0,TRUE,,,,0,,1,1,2020-09-17 07:27:00+00,2020-09-17 07:27:00+00,0,0,0
"9300807287354	","9300807287354	",BLACKMORES ODORLESS FISH OIL 400,BM无腥味鱼油400,TRUE,health supplement,8,9,0,0,TRUE,,,,0,,1,1,2020-09-17 07:27:00+00,2020-09-17 07:27:00+00,0,0,0
"4057599000085	","4057599000085	",BAYER ELEVIT BREASTFEEDING 60s,BAYER爱乐维哺乳配方60粒,TRUE,health supplement,3,4,0,0,TRUE,,,,0,,1,1,2020-09-17 07:27:00+00,2020-09-17 07:27:00+00,0,0,0
"9314807021221	","9314807021221	",TP 100% PURE PEPPERMIN OIL 25ML -NEW,NW佳思敏儿童鱼油草莓味软胶囊 50,TRUE,health supplement,35,36,0,0,TRUE,,,,0,,1,1,2020-09-17 07:28:00+00,2020-09-17 07:28:00+00,0,0,0
"9316090500209	","9316090500209	",NW KIDS SMART OMEGA 3-FISH OIL STAWBERRY 50S,OST维生素D 130片,TRUE,health supplement,24,24,0,0,TRUE,,,,0,,1,1,2020-09-17 07:27:00+00,2020-09-17 07:27:00+00,0,0,0
"9314839004445	","9314839004445	",OSTELIN VITAMIN D X 130 CAPS,QV成人身体霜250g,TRUE,health supplement,25,25,8.4,8.4,TRUE,,,,0,,1,1,2020-09-17 07:28:00+00,2020-09-17 07:28:00+00,0,0,0
"9312146009955	","9312146009955	",QV CREAM 250G,星期四农庄茶树油净肤套装 NEW,TRUE,health supplement,27,27,0,0,TRUE,,,,0,,1,1,2020-09-17 07:28:00+00,2020-09-17 07:28:00+00,0,0,0
"9312146003021	","9312146003021	",TP TEA TREE NAT CLEAR SKIN KIT- NEW IN Y2019,星期四茶树指甲护理油10ML-NEW,TRUE,health supplement,35,36,0,0,TRUE,,,,0,,1,1,2020-09-17 07:28:00+00,2020-09-17 07:28:00+00,0,0,0
"9311770603201	","9311770603201	",TP TEA TREE ANTIFUNGAL NAIL SOLUTION 10ML-NEW,SW儿童免疫片60-NEW,TRUE,health supplement,35,36,0,0,TRUE,,,,0,,1,1,2020-09-17 07:28:00+00,2020-09-17 07:28:00+00,0,0,0
"9311770589734	","9311770589734	",SWISSE KIDS IMMUNE HEALTH 60 TABS,SW身体乳500ML,TRUE,health supplement,33,34,0,0,TRUE,,,,0,,1,1,2020-09-17 07:27:00+00,2020-09-17 07:27:00+00,0,0,0
"9311770592475	","9311770592475	",SWISSE ARGAN BODY CREAM 500ML,SW无腥味高浓度野生鱼油1500mg 400,TRUE,health supplement,33,34,0,0,TRUE,,,,0,,1,1,2020-09-17 07:27:00+00,2020-09-17 07:27:00+00,0,0,0
"4057599003284	","4057599003284	",SWISSE U/B ODRLS HI-STRENGTH WILD FISH OIL 1500MG 400 CAPS,BAYER爱乐维孕期哺乳期DHA60粒,TRUE,health supplement,33,34,0,0,TRUE,,,,0,,1,1,2020-09-17 07:27:00+00,2020-09-17 07:27:00+00,0,0,0
"9314807056766	","9314807056766	",BAYER ELEVIT DHA FOR PREGNANCY AND BREASTFEEDING 60 CAPS,NW益生菌巧克力奶片,TRUE,health supplement,3,4,0,0,TRUE,,,,0,,1,1,2020-09-17 07:27:00+00,2020-09-17 07:27:00+00,0,0,0
"9314807018733	","9314807018733	",NW MILK BUTTONS  PROBIOTIC CHOC 150 TAB,REDWIN天然茶树油洗发水,TRUE,health supplement,24,24,0,0,TRUE,,,,0,,1,1,2020-09-17 07:27:00+00,2020-09-17 07:27:00+00,0,0,0
"9314807025939	","9314807025939	",REDWIN SHP TEA TR 250ML,REDWIN维E身体乳400ML,TRUE,health supplement,28,28,0,0,TRUE,,,,0,,1,1,2020-09-17 07:27:00+00,2020-09-17 07:27:00+00,0,0,0
"9300705602693	","9300705602693	",REDWIN BODY LOT VITE 400ML,CVS多维矿物片 超值装200粒,TRUE,health supplement,28,28,0,0,TRUE,,,,0,,1,1,2020-09-17 07:27:00+00,2020-09-17 07:27:00+00,0,0,0
"9316090018902	","9316090018902	",CVS Multivitamin and Minerals Tablets Value Pack 200,NO蔓越莓胶囊50000mg 90粒,TRUE,health supplement,10,11,0,0,TRUE,,,,0,,1,1,2020-09-17 07:28:00+00,2020-09-17 07:28:00+00,0,0,0
"9311770600064	","9311770600064	",NATURES OWN CRANBERRY 50000 90S,SW 维C+麦努卡蜂蜜120 NEW,TRUE,health supplement,22,22,0,0,TRUE,,,,0,,1,1,2020-09-17 07:28:00+00,2020-09-17 07:28:00+00,0,0,0
"9311770599900	","9311770599900	",SWISSE UB VIT C + MANUKA HONEY 120S,SW高浓度蔓越莓泡腾片60 new,TRUE,health supplement,33,34,0,0,TRUE,,,,0,,1,1,2020-09-17 07:27:00+00,2020-09-17 07:27:00+00,0,0,0
"93807937	","93807937	",SWISSE CRANBERRY EFF 60 TAB,BM活性维C150,TRUE,health supplement,33,34,0,0,TRUE,,,,0,,1,1,2020-09-17 07:27:00+00,2020-09-17 07:27:00+00,0,0,0
"9323503025068	","9323503025068	",BLACKMORE BIO C1000 150,BG椰子水500ml,TRUE,health supplement,8,9,0,0,TRUE,,,,0,,1,1,2020-09-17 07:27:00+00,2020-09-17 07:27:00+00,0,0,0
"9314807067717	","9314807067717	",BG COCONUT WATER CONC 500ml,NW佳思敏儿童OMEGA3+鱼油软糖120 -NEW,TRUE,health supplement,5,6,0,0,TRUE,,,,0,,1,1,2020-09-17 07:27:00+00,2020-09-17 07:27:00+00,0,0,0
"9314839014321	","9314839014321	",NW KSVG VIT OMEGA 120S-NEW,QV婴幼儿保湿面霜100G,TRUE,health supplement,24,24,0,0,TRUE,,,,0,,1,1,2020-09-17 07:27:00+00,2020-09-17 07:27:00+00,0,0,0
"9331927003685	","9331927003685	",QV BABY MOISTURISING CREAM 100G,LS成人双歧杆菌（肠胃）益生菌 60S,TRUE,health supplement,27,27,0,0,TRUE,,,,0,,1,1,2020-09-17 07:28:00+00,2020-09-17 07:28:00+00,0,0,0
"9323245003065	","9323245003065	",LIFESPACE BOWEL BIOTIC PROBIOTIC 60 CAPSULES,DU'IT急救脚膜50G,TRUE,health supplement,19,19,0,0,TRUE,,,,0,,1,1,2020-09-17 07:28:00+00,2020-09-17 07:28:00+00,0,0,0
"9400575003757	","9400575003757	",DU'IT FOOT & HEEL BALM 50G,汤普森虾青素胶囊 30S,TRUE,health supplement,13,13,0,0,TRUE,,,,0,,1,1,2020-09-17 07:28:00+00,2020-09-17 07:28:00+00,0,0,0
"9311770587235	","9311770587235	",THOMPSON'S OAD ASTAMAX 30S,SW青少年女维60 NEW,TRUE,health supplement,34,35,0,0,TRUE,,,,0,,1,1,2020-09-17 07:28:00+00,2020-09-17 07:28:00+00,0,0,0
"9311770596558	","9311770596558	",SWISSE TEENAGE WOMEN'S ULTIVATE 60 TABS,SW橄榄叶洁面ㄠ 125ml,TRUE,health supplement,33,34,0,0,TRUE,,,,0,,1,1,2020-09-17 07:27:00+00,2020-09-17 07:27:00+00,0,0,0
"9311770602211	","9311770602211	",SWISSE OLIVE LEAF GEL CLEANSER 125ML,SW化妆包,TRUE,health supplement,33,34,0,0,TRUE,,,,0,,1,1,2020-09-17 07:27:00+00,2020-09-17 07:27:00+00,0,0,0
"9311770597319	","9311770597319	",SWISSE Makeup Bags,SW葡萄籽精华180,TRUE,health supplement,33,34,0,0,TRUE,,,,0,,1,1,2020-09-17 07:27:00+00,2020-09-17 07:27:00+00,0,0,0
"9314807038298	","9314807038298	",SWISSE ULTIBOOST GRAPE SEED 14250 MG 180 TABS,NW佳思敏儿童感冒流感增强体抗力软糖60,TRUE,health supplement,33,34,0,0,TRUE,,,,0,,1,1,2020-09-17 07:27:00+00,2020-09-17 07:27:00+00,0,0,0
"9323503025303	","9323503025303	",NW GUMMIES COLD&FLU IMMUNITY 60S,BG护肝片120,TRUE,health supplement,24,24,0,0,TRUE,,,,0,,1,1,2020-09-17 07:27:00+00,2020-09-17 07:27:00+00,0,0,0
"9323503025037	","9323503025037	",BG LIVER DETOX 120s,BG超级食物椰子糖500g,TRUE,health supplement,5,6,0,0,TRUE,,,,0,,1,1,2020-09-17 07:27:00+00,2020-09-17 07:27:00+00,0,0,0
"9300705031455	","9300705031455	",BG SF COCONUT SUGAR 500g,CVS紫锥菊大蒜素 复合维C胶囊 60粒,TRUE,health supplement,5,6,0,0,TRUE,,,,0,,1,1,2020-09-17 07:27:00+00,2020-09-17 07:27:00+00,0,0,0
"9316090500506	","9316090500506	",CENOVIS ECHINACEA GARLIC ZINC&C 60 TABS,OST成人钙D片130,TRUE,health supplement,10,11,0,0,TRUE,,,,0,,1,1,2020-09-17 07:27:00+00,2020-09-17 07:27:00+00,0,0,0
"9316090015284	","9316090015284	",OST VIT D & CALCIUM TABS 130's,NO自然澳无味鱼油胶囊2000mg 200粒,TRUE,health supplement,25,25,0,0,TRUE,,,,0,,1,1,2020-09-17 07:28:00+00,2020-09-17 07:28:00+00,0,0,0
"9300639602967	","9300639602967	",NATURES OWN ODOURLESS FISH OIL 2000MG CAPULES 200S,DD德运全脂成人奶粉,TRUE,health supplement,22,22,0,0,TRUE,,,,0,,1,1,2020-09-17 07:28:00+00,2020-09-17 07:28:00+00,0,0,0
"717554060052	","717554060052	",DEVONDALE INSTANT MILK POWDER FULLCREAM 1KG,星期四农场芦荟凝胶30G NEW,TRUE,health supplement,12,12,0,0,TRUE,,,,0,,1,1,2020-09-17 07:28:00+00,2020-09-17 07:28:00+00,0,0,0
"93550833	","93550833	",TP ALOE VERA GEL 30G,星期四薄荷油25ML,TRUE,health supplement,35,36,0,0,TRUE,,,,0,,1,1,2020-09-17 07:28:00+00,2020-09-17 07:28:00+00,0,0,0
"9314807056759	","9314807056759	",NW MILK BUTTONS  VINILLA 150 TAB,NW香草味奶片,TRUE,health supplement,24,24,0,0,TRUE,,,,0,,1,1,2020-09-17 07:27:00+00,2020-09-17 07:27:00+00,0,0,0
"9314807052232	","9314807052232	",NW BEAUTY COLLAGEN GUMMIES 40S,NW美容胶原软糖 40粒,TRUE,health supplement,24,24,0,0,TRUE,,,,0,,1,1,2020-09-17 07:27:00+00,2020-09-17 07:27:00+00,0,0,0
"9325740029311	","9325740029311	",FB FATB VAN SHAKE 30% LS SUGAR 430G,FB营养代餐奶昔 30%低糖香草味430g NEW --箱规/2,TRUE,health supplement,15,15,0,0,TRUE,,,,0,,1,1,2020-09-17 07:27:00+00,2020-09-17 07:27:00+00,0,0,0
"9323503034961	","9323503034961	",BG HONEY&LEMON T/C CDU,BG清嗓子含片20片（蜂蜜柠檬味）,TRUE,health supplement,5,6,0,0,TRUE,,,,0,,1,1,2020-09-17 07:27:00+00,2020-09-17 07:27:00+00,0,0,0
"9325740029854	","9325740029854	",NP CLEAR SKIN ACTIVE 30s,NP清痘片30 CAPS,TRUE,health supplement,23,23,0,0,TRUE,,,,0,,1,1,2020-09-17 07:27:00+00,2020-09-17 07:27:00+00,0,0,0
"9316090037804	","9316090037804	",NATURES OWN IRON PLUS 50S,NO补铁片 50片,TRUE,health supplement,22,22,0,0,TRUE,,,,0,,1,1,2020-09-17 07:28:00+00,2020-09-17 07:28:00+00,0,0,0
"9331927003241	","9331927003241	",LIFESPACE ADULT BSP 60CAPS,LS成人益生菌胶囊60s,TRUE,health supplement,19,19,0,0,TRUE,,,,0,,1,1,2020-09-17 07:28:00+00,2020-09-17 07:28:00+00,0,0,0
"9331927003418	","9331927003418	",LIFESPACE DIGESTIVE ENZYMES 60CAPS,LS消化酶酵素60s,TRUE,health supplement,19,19,0,0,TRUE,,,,0,,1,1,2020-09-17 07:28:00+00,2020-09-17 07:28:00+00,0,0,0
"9331927004002	","9331927004002	",LIFESPACE CHILDRENS IMMUNE SUPPORT PROBIOTIC 60G,LS儿童免疫支持益生菌粉60g,TRUE,health supplement,19,19,0,0,TRUE,,,,0,,1,1,2020-09-17 07:28:00+00,2020-09-17 07:28:00+00,0,0,0
"9356503000278	","9356503000278	",Arravite Collagen Beauty Essential+Grape Seed 14 Sachets Carton,胶原蛋白美容精华+葡萄籽  14支/盒,TRUE,health supplement,2,3,0,0,TRUE,,,,0,,1,1,2020-09-17 07:28:00+00,2020-09-17 07:28:00+00,0,0,0
"9356503000001	","9356503000001	",Arravite Night Skin Renew Collagen Sleep 28 Capsules Pouch,晚安胶原蛋白夜片? 28粒/盒,TRUE,health supplement,2,3,0,0,TRUE,,,,0,,1,1,2020-09-17 07:28:00+00,2020-09-17 07:28:00+00,0,0,0
"9311770592505	","9311770592505	",SWISSE ULTIBOOST CALCIUM + VITAMIN D 150 TABS,SW钙+D150,TRUE,health supplement,33,34,10.71,10.71,TRUE,,,,0,,1,1,2020-09-17 07:27:00+00,2020-09-17 07:27:00+00,0,0,0
"9310160816832	","9310160816832	",BEPANTHEN ANTISEPTIC CREAM 100G,BAYER抗菌膏100G,TRUE,health supplement,3,4,0,0,TRUE,,,,0,,1,1,2020-09-17 07:27:00+00,2020-09-17 07:27:00+00,0,0,0
"9310160802637	","9310160802637	",CANESTEN HYGIENE RINSE LEMON 1L,CANESTEN柠檬洗衣液1L,TRUE,health supplement,9,10,0,0,TRUE,,,,0,,1,1,2020-09-17 07:27:00+00,2020-09-17 07:27:00+00,0,0,0
"9323503022739	","9323503022739	",BG FISH OIL 1000mg 400s,BG深海鱼油400,TRUE,health supplement,5,6,0,0,TRUE,,,,0,,1,1,2020-09-17 07:27:00+00,2020-09-17 07:27:00+00,0,0,0
"9316090504306	","9316090504306	",OST CAL DK2 60S - New,OST 钙+维生素D+维生素K2三合一 60S,TRUE,health supplement,25,25,0,0,TRUE,,,,0,,1,1,2020-09-17 07:28:00+00,2020-09-17 07:28:00+00,0,0,0
"9314839012716	","9314839012716	",QV CREAM (PUMP) 500G,QV修复干燥敏感皮肤润肤乳500g,TRUE,health supplement,27,27,0,0,TRUE,,,,0,,1,1,2020-09-17 07:28:00+00,2020-09-17 07:28:00+00,0,0,0
"9331927003357	","9331927003357	",LIFESPACE PROBIOTIC FOR 60+ YEARS 60CAPS,LS老年益生菌胶囊60s,TRUE,health supplement,19,19,0,0,TRUE,,,,0,,1,1,2020-09-17 07:28:00+00,2020-09-17 07:28:00+00,0,0,0
"9400575002095	","9400575002095	",THOMPSON'S OAD GINKGO BILOBA 60S (6000MG),汤姆森银杏精华（6000mg/片),TRUE,health supplement,34,35,0,0,TRUE,,,,0,,1,1,2020-09-17 07:28:00+00,2020-09-17 07:28:00+00,0,0,0
"9312146008712	","9312146008712	",THOMPSON'S OAD CRANBERRY 60S (60000MG),汤普森超级蔓越莓精华 60000mg 60粒,TRUE,health supplement,34,35,0,0,TRUE,,,,0,,1,1,2020-09-17 07:28:00+00,2020-09-17 07:28:00+00,0,0,0
"9400575004310	","9400575004310	",THOMPSON'S BILBERRY 30S,汤普森蓝莓越桔 30粒,TRUE,health supplement,34,35,0,0,TRUE,,,,0,,1,1,2020-09-17 07:28:00+00,2020-09-17 07:28:00+00,0,0,0
"9325740026334	","9325740026334	",FB RASPBERRY RIPPLE 430g TUB,FB营养代餐奶昔 覆盆子味(旧版),TRUE,health supplement,15,15,0,0,TRUE,,,,0,,1,1,2020-09-17 07:27:00+00,2020-09-17 07:27:00+00,0,0,0
"9325740030263	","9325740030263	",NP FB ULT INDUL CKIES&CREAM 7S- NEW,FB 营养代餐奶昔231g 7袋装  曲奇味-NEW,TRUE,health supplement,15,15,0,0,TRUE,,,,0,,1,1,2020-09-17 07:27:00+00,2020-09-17 07:27:00+00,0,0,0
"9300705605700	","9300705605700	",CVS ONECE DAILY WOMEN'S MELTI + ENERGY CAPSULES VALUE PACK 100S,CVS圣诺女性复合维生素+能量超值装100粒,TRUE,health supplement,10,11,0,0,TRUE,,,,0,,1,1,2020-09-17 07:28:00+00,2020-09-17 07:28:00+00,0,0,0
"9300705602785	","9300705602785	",CVS MEGA B TABLETS VALUE PACK 200S NEW,Cenovis维生素B族200片（新包装）,TRUE,health supplement,10,11,0,0,TRUE,,,,0,,1,1,2020-09-17 07:28:00+00,2020-09-17 07:28:00+00,0,0,0
"9316090500308	","9316090500308	",OSTELIN VITAMIN D 250 NEW,OST维他命D250粒,TRUE,health supplement,25,25,0,0,TRUE,,,,0,,1,1,2020-09-17 07:28:00+00,2020-09-17 07:28:00+00,0,0,0
"9316090018193	","9316090018193	",NATRUES OWN GLUCOSAMINE 1500 TABLETS 180S,NO自然澳氨糖软骨素1500mg 180粒,TRUE,health supplement,22,22,0,0,TRUE,,,,0,,1,1,2020-09-17 07:28:00+00,2020-09-17 07:28:00+00,0,0,0
"9316090060604	","9316090060604	",NATURES OWN ODOURLESS FISH OIL 1000MG CAPULES 200S,NO自然澳无味鱼油胶囊1000mg 200粒,TRUE,health supplement,22,22,0,0,TRUE,,,,0,,1,1,2020-09-17 07:28:00+00,2020-09-17 07:28:00+00,0,0,0
"9316090071006	","9316090071006	",NATURES OWN FENUGREEK 1000MG CAPULES 60S,NO自然澳胡芦巴胶囊1000mg 60粒,TRUE,health supplement,22,22,0,0,TRUE,,,,0,,1,1,2020-09-17 07:28:00+00,2020-09-17 07:28:00+00,0,0,0
"9314839006814	","9314839006814	",QV KIDS WASH 350G,QV儿童沐浴露350G,TRUE,health supplement,27,27,0,0,TRUE,,,,0,,1,1,2020-09-17 07:28:00+00,2020-09-17 07:28:00+00,0,0,0
"9331927004101	","9331927004101	",LIFESPACE SHAPE B420 PROBIOTIC 60CAPS,LS B420塑身益生菌60s,TRUE,health supplement,19,19,0,0,TRUE,,,,0,,1,1,2020-09-17 07:28:00+00,2020-09-17 07:28:00+00,0,0,0
"9331927004835	","9331927004835	",LIFESPACE INFANT PROBIOTIC TWIN PACK,LS新生儿益生菌(2瓶装) NEW,TRUE,health supplement,19,19,0,0,TRUE,,,,0,,1,1,2020-09-17 07:28:00+00,2020-09-17 07:28:00+00,0,0,0
"9323245003416	","9323245003416	",DU'IT FOOT & HEEL RAB 50ml,DUIT走珠脚膜50ML,TRUE,health supplement,13,13,0,0,TRUE,,,,0,,1,1,2020-09-17 07:28:00+00,2020-09-17 07:28:00+00,0,0,0
"9312146009634	","9312146009634	",TP TWIN PACK (ACNE GEL),星期四农场祛痘茶树凝胶25g*2,TRUE,health supplement,35,36,0,0,TRUE,,,,0,,1,1,2020-09-17 07:28:00+00,2020-09-17 07:28:00+00,0,0,0
"717554030109	","717554030109	",TP TEA TREE TOOTHPASTE 110G-NEW,星期四茶树牙膏110G-NEW,TRUE,health supplement,35,36,0,0,TRUE,,,,0,,1,1,2020-09-17 07:28:00+00,2020-09-17 07:28:00+00,0,0,0
"9312146008361	","9312146008361	",THOMPSON'S OAD VITEX 60S (1500MG),汤普森圣洁莓60粒 1500mg,TRUE,health supplement,34,35,0,0,TRUE,,,,0,,1,1,2020-09-17 07:28:00+00,2020-09-17 07:28:00+00,0,0,0
"9311770602013	","9311770602013	",BIOSTIME SN-2 BIO PLUS PREMIUM ORGANIC TODDLER MILK DRINK 800G,合生元臻稀有机幼儿配方奶粉800g 三段,TRUE,health supplement,7,8,0,0,TRUE,,,,0,,1,1,2020-09-17 07:28:00+00,2020-09-17 07:28:00+00,0,0,0
"9356503000087	","9356503000087	",Arravite Bone & Muscle Health + Sleep 2 Pouches X 30 Capsules Carton,双倍氨糖维骨力助眠片??60粒/盒 （30粒*2袋）,TRUE,health supplement,2,3,0,0,TRUE,,,,0,,1,1,2020-09-17 07:28:00+00,2020-09-17 07:28:00+00,0,0,0
"9314807043568	","9314807043568	",SAMBUCOL KIDS IMMUNITY GUMMIES 50S,SAMBUCOL黑接骨木小黑果儿童软糖50粒,TRUE,health supplement,29,29,0,0,TRUE,,,,0,,1,1,2020-09-17 07:27:00+00,2020-09-17 07:27:00+00,0,0,0
"9323503025457	","9323503025457	",BG TURMERIC 1000MG 100S,BG姜黄片100粒,TRUE,health supplement,5,6,0,0,TRUE,,,,0,,1,1,2020-09-17 07:27:00+00,2020-09-17 07:27:00+00,0,0,0
"9314807008062	","9314807008062	",NW COMPLETE DAILY MULTI 200S,NW 每日复合维生素 200S,TRUE,health supplement,24,24,0,0,TRUE,,,,0,,1,1,2020-09-17 07:27:00+00,2020-09-17 07:27:00+00,0,0,0
"9314839003417	","9314839003417	",QV SKIN LOTION 250ML,QV润肤乳 250ml,TRUE,health supplement,27,27,0,0,TRUE,,,,0,,1,1,2020-09-17 07:28:00+00,2020-09-17 07:28:00+00,0,0,0
"9331927003616	","9331927003616	",LIFESPACE UROGENITAL (CRANBERRY) PROBIOTIC 60CAPS,LS女性蔓越莓益生菌胶囊60s,TRUE,health supplement,19,19,0,0,TRUE,,,,0,,1,1,2020-09-17 07:28:00+00,2020-09-17 07:28:00+00,0,0,0
"9323245004505	","9323245004505	",DU'IT TOUGH HANDS FOR HER 75G,DU'IT急救手膜女士75G,TRUE,health supplement,13,13,0,0,TRUE,,,,0,,1,1,2020-09-17 07:28:00+00,2020-09-17 07:28:00+00,0,0,0
"9312146007586	","9312146007586	",TP TEA TREE FACE CREAM 65G,星期四农场茶树面霜 65g,TRUE,health supplement,35,36,0,0,TRUE,,,,0,,1,1,2020-09-17 07:28:00+00,2020-09-17 07:28:00+00,0,0,0
"9356503000063	","9356503000063	",Arravite Bone & Muscle Health + Sleep 28 Capsules Pouch,双倍氨糖维骨力助眠片? 28粒/盒,TRUE,health supplement,2,3,0,0,TRUE,,,,0,,1,1,2020-09-17 07:28:00+00,2020-09-17 07:28:00+00,0,0,0
"9356503000117	","9356503000117	",Arravite Kangaroo Zinc Boost 2 Pouches X 30 Capsules Carton,袋鼠精蛋白锌胶囊 60粒/盒 （30粒*2袋）,TRUE,health supplement,2,3,0,0,TRUE,,,,0,,1,1,2020-09-17 07:28:00+00,2020-09-17 07:28:00+00,0,0,0
"9311770589987	","9311770589987	",SWISSE PREGNANCY + ULTIVITE 90 CAPS,SW怀孕多维90,TRUE,health supplement,33,34,0,0,TRUE,,,,0,,1,1,2020-09-17 07:27:00+00,2020-09-17 07:27:00+00,0,0,0
"93807432	","93807432	",BLACKMORES VITEX AGNUS CASTUS 40,BM圣洁莓40,TRUE,health supplement,8,9,0,0,TRUE,,,,0,,1,1,2020-09-17 07:27:00+00,2020-09-17 07:27:00+00,0,0,0
"9314807063573	","9314807063573	",NW BEAUTY COLLAGEN SHOT 10S,佳思敏水解胶原蛋白精华液 10支,TRUE,health supplement,24,24,0,0,TRUE,,,,0,,1,1,2020-09-17 07:27:00+00,2020-09-17 07:27:00+00,0,0,0
"9323503024238	","9323503024238	",BG RESVERATROX 200mg 50s,BG白藜芦醇50,TRUE,health supplement,5,6,0,0,TRUE,,,,0,,1,1,2020-09-17 07:27:00+00,2020-09-17 07:27:00+00,0,0,0
"9314807007584	","9314807007584	",NW INP VANILLA  375G,NW天然大豆蛋白粉 香草味--箱规/2,TRUE,health supplement,24,24,0,0,TRUE,,,,0,,1,1,2020-09-17 07:27:00+00,2020-09-17 07:27:00+00,0,0,0
"9323503024856	","9323503024856	",BG SUPER FISH OIL 200s,BG小粒鱼油胶囊100粒,TRUE,health supplement,5,6,0,0,TRUE,,,,0,,1,1,2020-09-17 07:27:00+00,2020-09-17 07:27:00+00,0,0,0
"9314807067700	","9314807067700	",NW KSVG CALCIUM+VIT D 120S-NEW,NW佳思敏钙+维生素D软糖 120粒-NEW,TRUE,health supplement,24,24,0,0,TRUE,,,,0,,1,1,2020-09-17 07:27:00+00,2020-09-17 07:27:00+00,0,0,0
"9325740029571	","9325740029571	",FB CLINICAL 60S,FB 极塑腰臀片 60,TRUE,health supplement,15,15,0,0,TRUE,,,,0,,1,1,2020-09-17 07:27:00+00,2020-09-17 07:27:00+00,0,0,0
"9325740031109	","9325740031109	",NP GH REHYDRATE + BERRY 10s,NP补水-梅子味10袋装,TRUE,health supplement,23,23,0,0,TRUE,,,,0,,1,1,2020-09-17 07:27:00+00,2020-09-17 07:27:00+00,0,0,0
"9300705602662	","9300705602662	",CVS GINKGO BILOBA 2000MG 100S,CVS圣诺银杏记忆力片2000mg 100粒 (新包装）,TRUE,health supplement,10,11,0,0,TRUE,,,,0,,1,1,2020-09-17 07:28:00+00,2020-09-17 07:28:00+00,0,0,0
"9316090500605	","9316090500605	",OST VITAMIN D & CALCIUM 250's,OST成人VD+钙片250,TRUE,health supplement,25,25,0,0,TRUE,,,,0,,1,1,2020-09-17 07:28:00+00,2020-09-17 07:28:00+00,0,0,0
"9312146007562	","9312146007562	",TP LAVENDER OIL 100% PURE 50ML,星期四农场薰衣草精油100% 50ml,TRUE,health supplement,35,36,0,0,TRUE,,,,0,,1,1,2020-09-17 07:28:00+00,2020-09-17 07:28:00+00,0,0,0
"9400575002767	","9400575002767	",THOMPSON'S OAD GRAPE SEED 120S (19000MG),汤普森葡萄籽精华（19000mg/片-OPC150mg/片）,TRUE,health supplement,34,35,0,0,TRUE,,,,0,,1,1,2020-09-17 07:28:00+00,2020-09-17 07:28:00+00,0,0,0
"9400575001999	","9400575001999	",THOMPSON'S SUPER LECITHIN 200S,汤普森高效超级卵磷脂 （1200mg/片）,TRUE,health supplement,34,35,0,0,TRUE,,,,0,,1,1,2020-09-17 07:28:00+00,2020-09-17 07:28:00+00,0,0,0
"9356503000308	","9356503000308	",Arravite Collagen Beauty Essential+Prebiotics 14 Sachets Carton,胶原蛋白美容精华+益生元  14支/盒,TRUE,health supplement,2,3,0,0,TRUE,,,,0,,1,1,2020-09-17 07:28:00+00,2020-09-17 07:28:00+00,0,0,0
"9300705605861	","9300705605861	",CVS ONECE DAILY WOMEN'S MELTI + ENERGY CAPSULES VALUE PACK 100S (NEW),CVS圣诺女性复合维生素+能量超值装100粒(新包装),TRUE,health supplement,10,11,0,0,TRUE,,,,0,,1,1,2020-09-17 07:28:00+00,2020-09-17 07:28:00+00,0,0,0
"9300705605397	","9300705605397	",CVS Zinc Plus 25mg Tablets 150,CVS锌片25mg 150粒,TRUE,health supplement,10,11,0,0,TRUE,,,,0,,1,1,2020-09-17 07:28:00+00,2020-09-17 07:28:00+00,0,0,0
"9314839011979	","9314839011979	",SUNSENSE Junior 50+ -50ml,SUNSENSE儿童50+防晒滚珠50ML,TRUE,health supplement,32,33,0,0,TRUE,,,,0,,1,1,2020-09-17 07:28:00+00,2020-09-17 07:28:00+00,0,0,0
"9312146007463	","9312146007463	",TP TEA TREE OIL 100% PURE 15ML,星期四农场茶树精油 100% 15ml NEW,TRUE,health supplement,35,36,0,0,TRUE,,,,0,,1,1,2020-09-17 07:28:00+00,2020-09-17 07:28:00+00,0,0,0
"9314807062361	","9314807062361	",NW KIDS SMART SUGER FREE MULTI TRIO 150S,NW佳思敏儿童三色无糖多维软糖150,TRUE,health supplement,24,24,0,0,TRUE,,,,0,,1,1,2020-09-17 07:27:00+00,2020-09-17 07:27:00+00,0,0,0
"9314807022846	","9314807022846	",NW KSVG MULTI 120s,NW KIDS蔬菜软糖-120粒,TRUE,health supplement,24,24,0,0,TRUE,,,,0,,1,1,2020-09-17 07:27:00+00,2020-09-17 07:27:00+00,0,0,0
"00050528	","00050528	",LIFESPACE CARTON #2,LIFESPACE 纸箱 - 2号,TRUE,health supplement,19,19,0,0,TRUE,,,,0,,1,1,2020-09-17 07:28:00+00,2020-09-17 07:28:00+00,0,0,0
"9331927003371	","9331927003371	",LIFESPACE DOUBLE STRENGTH PROBIOTICS 30CAPS,LS超强成人益生菌胶囊30s,TRUE,health supplement,19,19,0,0,TRUE,,,,0,,1,1,2020-09-17 07:28:00+00,2020-09-17 07:28:00+00,0,0,0
"9356503000094	","9356503000094	",Arravite Kangaroo Zinc Boost 28 Capsules Pouch,袋鼠精蛋白锌胶囊? 28粒/盒,TRUE,health supplement,2,3,0,0,TRUE,,,,0,,1,1,2020-09-17 07:28:00+00,2020-09-17 07:28:00+00,0,0,0
"9356503000148	","9356503000148	",Arravite Oyster Ginseng Boost 2 Pouches X 30 Capsules Carton,牡蛎人参精华胶囊 60粒/盒 （30粒*2袋）,TRUE,health supplement,2,3,0,0,TRUE,,,,0,,1,1,2020-09-17 07:28:00+00,2020-09-17 07:28:00+00,0,0,0
"9314807026981	","9314807026981	",NW GUM ADULT VIT D 120S,NW思佳敏成人VD软糖120s,TRUE,health supplement,24,24,0,0,TRUE,,,,0,,1,1,2020-09-17 07:27:00+00,2020-09-17 07:27:00+00,0,0,0
"9325740030317	","9325740030317	",NP FB KETO FIT CHOC SHAKE 300g-NEW,NP FB KETO 巧克力味奶昔 300G-NEW,TRUE,health supplement,15,15,0,0,TRUE,,,,0,,1,1,2020-09-17 07:27:00+00,2020-09-17 07:27:00+00,0,0,0
"9314807066697	","9314807066697	",NW VITA-GUMIES OMEGA3+FISH OIL 60S - NEW PACKAGE,NW佳思敏儿童OMEGA3+鱼油软糖60(新包装),TRUE,health supplement,24,24,0,0,TRUE,,,,0,,1,1,2020-09-17 07:27:00+00,2020-09-17 07:27:00+00,0,0,0
"9314807043551	","9314807043551	",SAMBUCOL IMMUNO FORTE 250ML,SAMBUCAL 免疫糖浆250毫升,TRUE,health supplement,29,29,0,0,TRUE,,,,0,,1,1,2020-09-17 07:27:00+00,2020-09-17 07:27:00+00,0,0,0
"9316090018988	","9316090018988	",NATURES OWN GRAPESEED 15000 TABLETS 150S,NO葡萄籽提取物15000mg 150粒,TRUE,health supplement,22,22,0,0,TRUE,,,,0,,1,1,2020-09-17 07:28:00+00,2020-09-17 07:28:00+00,0,0,0
"9316090502005	","9316090502005	",OST VITAMIN D ADULT LIQUID,OST成人VD滴剂,TRUE,health supplement,25,25,0,0,TRUE,,,,0,,1,1,2020-09-17 07:28:00+00,2020-09-17 07:28:00+00,0,0,0
"9314839011078	","9314839011078	",QV CREAM 1KG,QV成人润肤霜1KG,TRUE,health supplement,27,27,0,0,TRUE,,,,0,,1,1,2020-09-17 07:28:00+00,2020-09-17 07:28:00+00,0,0,0
"9331927003784	","9331927003784	",LIFESPACE PROBIOTIC POWDER FOR INFANT 60G,LS新生儿益生菌粉60g,TRUE,health supplement,19,19,0,0,TRUE,,,,0,,1,1,2020-09-17 07:28:00+00,2020-09-17 07:28:00+00,0,0,0
"9323245004543	","9323245004543	",DU'IT TOUGH SCRUB 150G,DUIT急救磨砂膏150G,TRUE,health supplement,13,13,0,0,TRUE,,,,0,,1,1,2020-09-17 07:28:00+00,2020-09-17 07:28:00+00,0,0,0
"9316090019190	","9316090019190	",NATURES OWN GLUCOSAMINE SULFATE 1500 TABLETS 200,NO硫酸型氨糖软骨素200粒,TRUE,health supplement,22,22,0,0,TRUE,,,,0,,1,1,2020-09-17 07:28:00+00,2020-09-17 07:28:00+00,0,0,0
"9316090265900	","9316090265900	",NATURES OWN PROSTATE HEALTH 30S,NO前列腺片 30粒,TRUE,health supplement,22,22,0,0,TRUE,,,,0,,1,1,2020-09-17 07:28:00+00,2020-09-17 07:28:00+00,0,0,0
"9314839017995	","9314839017995	",QV BABY SKIN LOTION 250 PUMP,QV 婴儿水润乳 250g 压泵型-NEW,TRUE,health supplement,27,27,0,0,TRUE,,,,0,,1,1,2020-09-17 07:28:00+00,2020-09-17 07:28:00+00,0,0,0
"9331927003678	","9331927003678	",LIFESPACE PROBIOTIC POWDER FOR CHILDRENS 60G,LS儿童益生菌粉60g,TRUE,health supplement,19,19,0,0,TRUE,,,,0,,1,1,2020-09-17 07:28:00+00,2020-09-17 07:28:00+00,0,0,0
"9331927004682	","9331927004682	",LIFESPACE PREGNANCY PROBIOTIC 50 CAP-NEW,LS孕期益生菌50S-NEW,TRUE,health supplement,19,19,0,0,TRUE,,,,0,,1,1,2020-09-17 07:28:00+00,2020-09-17 07:28:00+00,0,0,0
"9312146007111	","9312146007111	",TP TEA TREE WITCH HAZEL TONER 100ML,星期四农场茶树爽肤水100ml NEW,TRUE,health supplement,35,36,0,0,TRUE,,,,0,,1,1,2020-09-17 07:28:00+00,2020-09-17 07:28:00+00,0,0,0
"94575675	","94575675	",THOMPSON'S ORGANIC IRON 30S (24MG),汤普森有机铁 30粒,TRUE,health supplement,34,35,0,0,TRUE,,,,0,,1,1,2020-09-17 07:28:00+00,2020-09-17 07:28:00+00,0,0,0
"9356503000292	","9356503000292	",Arravite Collagen Beauty Essential+Cranberry  14 Sachets,胶原蛋白美容精华+蔓越莓  14支/盒,TRUE,health supplement,2,3,0,0,TRUE,,,,0,,1,1,2020-09-17 07:28:00+00,2020-09-17 07:28:00+00,0,0,0
"9356503000124	","9356503000124	",Arravite Oyster Ginseng Boost 28 Capsules Pouch,牡蛎人参精华胶囊? 28粒/盒,TRUE,health supplement,2,3,0,0,TRUE,,,,0,,1,1,2020-09-17 07:28:00+00,2020-09-17 07:28:00+00,0,0,0
"9300705605182	","9300705605182	",CVS COENZYME Q10 150MG 90 CAPSULES,CVS圣诺辅酶Q10 150mg 90粒,TRUE,health supplement,10,11,0,0,TRUE,,,,0,,1,1,2020-09-17 07:28:00+00,2020-09-17 07:28:00+00,0,0,0
"9300705605618	","9300705605618	",CVS ONECE DAILY MENS ?MULTI 100S,CVS圣诺男士复合维生素100粒,TRUE,health supplement,10,11,0,0,TRUE,,,,0,,1,1,2020-09-17 07:28:00+00,2020-09-17 07:28:00+00,0,0,0
"9314839003394	","9314839003394	",QV CREAM 100G,QV成人身体霜100g,TRUE,health supplement,27,27,0,0,TRUE,,,,0,,1,1,2020-09-17 07:28:00+00,2020-09-17 07:28:00+00,0,0,0
"9314839006845	","9314839006845	",QV KIDS HAIR SHAMPOO 200G,QV儿童洗发露200G,TRUE,health supplement,27,27,0,0,TRUE,,,,0,,1,1,2020-09-17 07:28:00+00,2020-09-17 07:28:00+00,0,0,0
"9331927004019	","9331927004019	",LIFESPACE IBS SUPPORT PROBIOTIC 30CAPS,LS成人IBS支持益生菌胶囊30s,TRUE,health supplement,19,19,0,0,TRUE,,,,0,,1,1,2020-09-17 07:28:00+00,2020-09-17 07:28:00+00,0,0,0
"94575415	","94575415	",THOMPSON'S B COMPLEX 100S,汤普森复合维生素B 100粒,TRUE,health supplement,34,35,0,0,TRUE,,,,0,,1,1,2020-09-17 07:28:00+00,2020-09-17 07:28:00+00,0,0,0
"041167266021	","041167266021	",SELSUN TREATMENT GOLD 125ML,SELSUN深度去屑洗发水(金) 125ML,TRUE,health supplement,30,31,0,0,TRUE,,,,0,,1,1,2020-09-17 07:28:00+00,2020-09-17 07:28:00+00,0,0,0
"9314839011955	","9314839011955	",QV BABY BARRIER CREAM 50G,QV 婴儿屁屁霜50g,TRUE,health supplement,27,27,0,0,TRUE,,,,0,,1,1,2020-09-17 07:28:00+00,2020-09-17 07:28:00+00,0,0,0
"9356503000155	","9356503000155	",Arravite Oyster Maca Boost High Strength 28 Capsules Pouch,牡蛎玛卡双倍增效胶囊? 28粒/盒,TRUE,health supplement,2,3,0,0,TRUE,,,,0,,1,1,2020-09-17 07:28:00+00,2020-09-17 07:28:00+00,0,0,0
"041167266069	","041167266069	",SELSUN TREATMENT GOLD 375ML,SELSUN深度去屑洗发水(金) 375ML,TRUE,health supplement,30,31,0,0,TRUE,,,,0,,1,1,2020-09-17 07:28:00+00,2020-09-17 07:28:00+00,0,0,0
"9316090292302	","9316090292302	",NATURES OWN VITEX AGNUS CASTUS 1000MG 60S,NO自然澳圣洁莓1000mg 60粒,TRUE,health supplement,22,22,0,0,TRUE,,,,0,,1,1,2020-09-17 07:28:00+00,2020-09-17 07:28:00+00,0,0,0
"9316090503606	","9316090503606	",OST VITAMIN D&CALCIUM KIDS CHEWABLE TABLETS 50S,OST小恐龙钙片50,TRUE,health supplement,25,25,0,0,TRUE,,,,0,,1,1,2020-09-17 07:28:00+00,2020-09-17 07:28:00+00,0,0,0
"9314839013829	","9314839013829	",SUNSENSE DAILY FACE 50+ 200ML,SUNSENSE脸部防晒50+ 200ML,TRUE,health supplement,32,33,0,0,TRUE,,,,0,,1,1,2020-09-17 07:28:00+00,2020-09-17 07:28:00+00,0,0,0
"9323245004567	","9323245004567	",DU'IT TOUGH HANDS 150G,DU'IT急救手膜150G,TRUE,health supplement,13,13,0,0,TRUE,,,,0,,1,1,2020-09-17 07:28:00+00,2020-09-17 07:28:00+00,0,0,0
"9312146010388	","9312146010388	",THOMPSON'S MANUKA SORE THROAT SPRAY 25ML,汤普森麦卢卡蜂蜜口腔喷雾25ML,TRUE,health supplement,34,35,0,0,TRUE,,,,0,,1,1,2020-09-17 07:28:00+00,2020-09-17 07:28:00+00,0,0,0
"9314839011931	","9314839011931	",QV BABY GENTLE WASH 250G,QV婴幼儿温和沐浴露 250g,TRUE,health supplement,27,27,0,0,TRUE,,,,0,,1,1,2020-09-17 07:28:00+00,2020-09-17 07:28:00+00,0,0,0
"9314839004742	","9314839004742	",QV KIDS BALM 100G,QV儿童特润膏100g,TRUE,health supplement,27,27,0,0,TRUE,,,,0,,1,1,2020-09-17 07:28:00+00,2020-09-17 07:28:00+00,0,0,0
"9314839015724	","9314839015724	",QV BABY MOISTURISING CREAM PUMP 500G,QV婴儿滋润霜（压汞）500g,TRUE,health supplement,27,27,0,0,TRUE,,,,0,,1,1,2020-09-17 07:28:00+00,2020-09-17 07:28:00+00,0,0,0
"9331927004927	","9331927004927	",LIFESPACE INFANT 2 FL PROBIOTICS 60G,LS益倍适GOLD 新生儿HMO益生菌粉60G,TRUE,health supplement,19,19,0,0,TRUE,,,,0,,1,1,2020-09-17 07:28:00+00,2020-09-17 07:28:00+00,0,0,0
"9331927004026	","9331927004026	",LIFESPACE IMMUNE SUPPORT PROBIOTIC 60 CAPS,LS成人免疫支持益生菌胶囊60s,TRUE,health supplement,19,19,0,0,TRUE,,,,0,,1,1,2020-09-17 07:28:00+00,2020-09-17 07:28:00+00,0,0,0
"9323245001016	","9323245001016	",DU'IT VE+ 50G,DU'IT急救维E霜50G,TRUE,health supplement,13,13,0,0,TRUE,,,,0,,1,1,2020-09-17 07:28:00+00,2020-09-17 07:28:00+00,0,0,0
"9312146009788	","9312146009788	",TP TEA TREE FACE WASH 100ML,星期四农场茶树洗面奶 100ml,TRUE,health supplement,35,36,0,0,TRUE,,,,0,,1,1,2020-09-17 07:28:00+00,2020-09-17 07:28:00+00,0,0,0
"9356503000285	","9356503000285	",Arravite Collagen Beauty Essential+Milk Thistle 14 Sachets Carton,胶原蛋白美容精华+奶蓟草  14支/盒,TRUE,health supplement,2,3,0,0,TRUE,,,,0,,1,1,2020-09-17 07:28:00+00,2020-09-17 07:28:00+00,0,0,0
"9331927004040	","9331927004040	",LIFESPACE TRIPLE STRENGTH PROBIOTIC  30CAPS,LS成人三倍强效益生菌胶囊30s,TRUE,health supplement,19,19,0,0,TRUE,,,,0,,1,1,2020-09-17 07:28:00+00,2020-09-17 07:28:00+00,0,0,0
"9331927004033	","9331927004033	",LIFESPACE WOMEN'S MICROFLORA PROBIOTIC 60 CAPS,LS女性私处益生菌胶囊 60粒-新品,TRUE,health supplement,19,19,0,0,TRUE,,,,0,,1,1,2020-09-17 07:28:00+00,2020-09-17 07:28:00+00,0,0,0
"9331927004699	","9331927004699	",LIFESPACE BREASTFEEDING PROBIOTIC 50CAPS-NEW,LS哺乳期益生菌50S-NEW,TRUE,health supplement,19,19,0,0,TRUE,,,,0,,1,1,2020-09-17 07:28:00+00,2020-09-17 07:28:00+00,0,0,0
"9312146010852	","9312146010852	",THOMPSON'S HIGH POTENCY LIVER DETOX 60S(42000MG)-NEW,汤普森护肝片 60粒 NEW,TRUE,health supplement,34,35,0,0,TRUE,,,,0,,1,1,2020-09-17 07:28:00+00,2020-09-17 07:28:00+00,0,0,0
"94575507	","94575507	",THOMPSON'S BIOTIN 100S (150MCG),汤普森生物素 150微克 100S,TRUE,health supplement,34,35,0,0,TRUE,,,,0,,1,1,2020-09-17 07:28:00+00,2020-09-17 07:28:00+00,0,0,0
"9356503000032	","9356503000032	",Arravite Day Skin Flourish Grape Seed Defence 28 Capsules Pouch,葡萄籽亮肤日片 28粒/盒,TRUE,health supplement,2,3,0,0,TRUE,,,,0,,1,1,2020-09-17 07:28:00+00,2020-09-17 07:28:00+00,0,0,0
"9331927003999	","9331927003999	",LIFESPACE CHILDREN IBS SUPPORT PROBOITIC 60G,LS儿童 IBS 支持益生菌60g,TRUE,health supplement,19,19,0,0,TRUE,,,,0,,1,1,2020-09-17 07:28:00+00,2020-09-17 07:28:00+00,0,0,0
"9314839005077	","9314839005077	",QV Wash 250ml,QV 滋润保湿沐浴露 250ml,TRUE,health supplement,27,27,0,0,TRUE,,,,0,,1,1,2020-09-17 07:28:00+00,2020-09-17 07:28:00+00,0,0,0
"9331927003630	","9331927003630	",LIFESPACE PREGNANCY BREASTFEEDING DHA 60CAPS,LS孕妇哺乳DHA 60s,TRUE,health supplement,19,19,0,0,TRUE,,,,0,,1,1,2020-09-17 07:28:00+00,2020-09-17 07:28:00+00,0,0,0
"9331927004910	","9331927004910	",LIFESPACE 2 FL PREBIOTIC 60G,LS益倍适GOLD HMO益生元60G,TRUE,health supplement,19,19,0,0,TRUE,,,,0,,1,1,2020-09-17 07:28:00+00,2020-09-17 07:28:00+00,0,0,0
"9331927004934	","9331927004934	",LIFESPACE BABY 2 FL PROBIOTICS 60G,LS益倍适GOLD婴幼儿HMO益生菌粉60G,TRUE,health supplement,19,19,0,0,TRUE,,,,0,,1,1,2020-09-17 07:28:00+00,2020-09-17 07:28:00+00,0,0,0
"9312146010777	","9312146010777	",THOMPSON'S NATURAL LIQUID CALCIUM 60S,汤普森液体钙胶囊 60粒,TRUE,health supplement,34,35,0,0,TRUE,,,,0,,1,1,2020-09-17 07:28:00+00,2020-09-17 07:28:00+00,0,0,0
"9312146009771	","9312146009771	",TP TEA TREE MANUKA HONEY HEALING BALM 30G,星期四农庄麦卢卡蜂蜜伤口愈合膏30g,TRUE,health supplement,35,36,0,0,TRUE,,,,0,,1,1,2020-09-17 07:28:00+00,2020-09-17 07:28:00+00,0,0,0
"9312146010005	","9312146010005	",THOMPSON'S ONE-A-DAY MILK THISTLE 42000MG 60 CAPS,汤普森水飞蓟精华 60粒 42000mg,TRUE,health supplement,34,35,0,0,TRUE,,,,0,,1,1,2020-09-17 07:28:00+00,2020-09-17 07:28:00+00,0,0,0
"9400575001364	","9400575001364	",THOMPSON'S EVENING PRIMROSE OIL 300S,汤普森月见草油1000mg/片 300粒,TRUE,health supplement,34,35,0,0,TRUE,,,,0,,1,1,2020-09-17 07:28:00+00,2020-09-17 07:28:00+00,0,0,0
"9312146008897	","9312146008897	",THOMPSON'S ULTRA LIVER DETOX LIQUID 300ML,汤普森护肝口服液 300ml,TRUE,health supplement,34,35,0,0,TRUE,,,,0,,1,1,2020-09-17 07:28:00+00,2020-09-17 07:28:00+00,0,0,0
"9312146007777	","9312146007777	",TP TEA TREE BLEMISH STICK 7ML,星期四农场茶树急救棒 7ml,TRUE,health supplement,35,36,0,0,TRUE,,,,0,,1,1,2020-09-17 07:28:00+00,2020-09-17 07:28:00+00,0,0,0
"94575309	","94575309	",THOMPSON'S FAT BLOCKER 50S,汤普森阻脂胶囊50粒,TRUE,health supplement,34,35,0,0,TRUE,,,,0,,1,1,2020-09-17 07:28:00+00,2020-09-17 07:28:00+00,0,0,0
"93542593	","93542593	",TP TEA TREE OIL 100% PURE 25ML,星期四农场茶树精油 100% 25ML NEW,TRUE,health supplement,35,36,0,0,TRUE,,,,0,,1,1,2020-09-17 07:28:00+00,2020-09-17 07:28:00+00,0,0,0
"94575316	","94575316	",THOMPSON'S FAT BLOCKER 120S,汤普森阻脂胶囊120粒,TRUE,health supplement,34,35,0,0,TRUE,,,,0,,1,1,2020-09-17 07:28:00+00,2020-09-17 07:28:00+00,0,0,0
"9312146008873	","9312146008873	",THOMPSON'S ULTRA GRAPE SEED LIQUID 500ML (50000MG),汤普森超级葡萄籽精华提取液,TRUE,health supplement,34,35,0,0,TRUE,,,,0,,1,1,2020-09-17 07:28:00+00,2020-09-17 07:28:00+00,0,0,0
"9312146008866	","9312146008866	",THOMPSON'S ULTRA CRANBERRY LIQUID (5000MG) 300ML,汤普森蔓越精华口服液（5000mg) 300ml,TRUE,health supplement,34,35,0,0,TRUE,,,,0,,1,1,2020-09-17 07:28:00+00,2020-09-17 07:28:00+00,0,0,0
"9311770602006	","9311770602006	",BIOSTIME SN-2 BIO PLUS PREMIUM ORGANIC FOLLOW-ON FORMULA 800G,合生元臻稀有机幼儿配方奶粉800g 二段,TRUE,health supplement,7,8,0,0,TRUE,,,,0,,1,1,2020-09-17 07:28:00+00,2020-09-17 07:28:00+00,0,0,0
"9311770601986	","9311770601986	",BIOSTIME INFANT PROBIOTIC WITH VIT D 28 PACKS,合生元臻稀有机新生儿VD益生菌粉 28包,TRUE,health supplement,7,8,0,0,TRUE,,,,0,,1,1,2020-09-17 07:28:00+00,2020-09-17 07:28:00+00,0,0,0
"9356503000179	","9356503000179	",Arravite Oyster Maca Boost High Strength 2 Pouches X 30 Capsules Carton,牡蛎玛卡双倍增效胶囊? 60粒/盒 （30粒*2袋）,TRUE,health supplement,2,3,0,0,TRUE,,,,0,,1,1,2020-09-17 07:28:00+00,2020-09-17 07:28:00+00,0,0,0
"717554020209	","717554020209	",TP TEA TREE MEDICATED GEL FOR ACNE 25G,星期四祛痘茶树凝胶25g,TRUE,skin care,35,36,0,0,TRUE,,,,0,,1,1,2020-09-17 07:28:00+00,2020-09-17 07:28:00+00,0,0,0
"717554060069	","717554060069	",TP ALOE VERA GEL 100G,星期四芦荟祛痘100克,TRUE,skin care,35,36,0,0,TRUE,,,,0,,1,1,2020-09-17 07:28:00+00,2020-09-17 07:28:00+00,0,0,0
"9356503000056	","9356503000056	",Arravite Day Skin Flourish Grape Seed Defence  2 Pouches X 30 Capsules Carton,葡萄籽亮肤日片 60粒/盒 （30粒*2袋）,TRUE,health supplement,2,3,0,0,TRUE,,,,0,,1,1,2020-09-17 07:28:00+00,2020-09-17 07:28:00+00,0,0,0
"9312146006053	","9312146006053	",THURSDAY TEA TREE OIL 50ML,星期四农场茶树精油100% 50ml,TRUE,health supplement,35,36,0,0,TRUE,,,,0,,1,1,2020-09-17 07:28:00+00,2020-09-17 07:28:00+00,0,0,0
"9400575001616	","9400575001616	",THOMPSON'S OMEGA 3 FISH OIL 400S (1000MG),汤普森奥米茄-3鱼油（1000mg/片）,TRUE,health supplement,34,35,0,0,TRUE,,,,0,,1,1,2020-09-17 07:28:00+00,2020-09-17 07:28:00+00,0,0,0
"9356503000025	","9356503000025	",Arravite Night Skin Renew Collagen Sleep 2 Pouches X 30 Capsules Carton,晚安胶原蛋白夜片 60粒/盒 （30粒*2袋）,TRUE,health supplement,2,3,0,0,TRUE,,,,0,,1,1,2020-09-17 07:28:00+00,2020-09-17 07:28:00+00,0,0,0
"9312146008446	","9312146008446	",THOMPSON'S OAD CELERY 60S (5000MG),汤普森芹菜精华 60s,TRUE,health supplement,34,35,0,0,TRUE,,,,0,,1,1,2020-09-17 07:28:00+00,2020-09-17 07:28:00+00,0,0,0
"9356503000322	","9356503000322	",Arravite Collagen Beauty Essential+Hyaluronic Acid 150mg 14 Sachets Carton,胶原蛋白美容精华+玻尿酸150mg  14支/盒,TRUE,health supplement,2,3,0,0,TRUE,,,,0,,1,1,2020-09-17 07:28:00+00,2020-09-17 07:28:00+00,0,0,0
"9312146006015	","9312146006015	",THURSDAY EUCALYPTUS OIL 100% PURE 200ML,星期四农场桉树精油100% 200ml,TRUE,health supplement,35,36,0,0,TRUE,,,,0,,1,1,2020-09-17 07:28:00+00,2020-09-17 07:28:00+00,0,0,0
"9312146006039	","9312146006039	",THURSDAY LAVENDER OIL 100% PURE 25ML,星期四农场薰衣草精油100% 25ml,TRUE,health supplement,35,36,0,0,TRUE,,,,0,,1,1,2020-09-17 07:28:00+00,2020-09-17 07:28:00+00,0,0,0
"9311770601993	","9311770601993	",BIOSTIME SN-2 BIO PLUS PREMIUM ORGANIC INFANT FORMULA 800G,合生元臻稀有机幼儿配方奶粉800g 一段,TRUE,health supplement,7,8,0,0,TRUE,,,,0,,1,1,2020-09-17 07:28:00+00,2020-09-17 07:28:00+00,0,0,0
"9314807069971	","9314807069971	",NP FB FIBREPRO CHEWABLE 60s CN,FB纤维咀嚼片60粒,TRUE,health supplement,23,23,0,0,TRUE,,,,0,,1,1,2020-10-09 03:30:00+00,2020-10-09 03:30:00+00,0,0,0
